OPS 6582 (TRANSIT 5B-5) 
1 00965U 64083D   26142.42330512  .00000051  00000+0  59258-4 0  9994
2 00965  90.0784 202.8319 0041252 356.2010  14.6791 13.57010137 40129
LES-1                   
1 01002U 65008C   26142.56300778 -.00000001  00000+0 -12065-2 0  9991
2 01002  32.1406 105.4036 0015463 178.6704 181.3835  9.88355144213655
SOLRAD 7B               
1 01291U 65016D   26142.65624934 -.00000005  00000+0  35073-4 0  9992
2 01291  70.0791 290.5414 0020165 161.2883 198.8969 13.94972393113147
SECOR 4 (EGRS 4)        
1 01315U 65027B   26142.62775277  .00000037  00000+0  11189-3 0  9990
2 01315  90.2520  14.9991 0029365 267.1384 120.0788 12.92667463883628
TIROS 10                
1 01430U 65051A   26142.57098809  .00000127  00000+0  51884-4 0  9995
2 01430  98.5007 262.0185 0055849 154.8676 205.5250 14.41618966192222
ALOUETTE 2              
1 01804U 65098A   26142.42595893  .00000181  00000+0  61530-4 0  9999
2 01804  79.8001 298.5821 1330020 284.8020  60.9710 12.28323488676113
OV3-3                   
1 02389U 66070A   26142.54561888  .00007008  00000+0  31732-3 0  9994
2 02389  81.3275 353.6286 1013990 224.1756 127.3978 13.44660186595525
SECOR 7 (EGRS 7)        
1 02411U 66077B   26142.38239988  .00000025  00000+0  11638-1 0  9995
2 02411  90.3339 277.1367 0011686  83.8594 276.3589  8.59615401875165
ERS 15                  
1 02412U 66077C   26142.36587053  .00000002  00000+0  00000+0 0  9997
2 02412  90.3336 276.9292 0007328  93.5605 266.6084  8.59079317388246
ISIS 1                  
1 03669U 69009A   26142.43708083  .00000057  00000+0  42639-4 0  9995
2 03669  88.4415 147.2307 1706016 300.2794  44.0160 11.30429240356865
SECOR 13 (EGRS 13)      
1 03891U 69037B   26142.60885703 -.00000042  00000+0  14065-5 0  9995
2 03891  99.6522  15.2021 0038933 315.1246  72.9286 13.42976000798320
ATS 5                   
1 04068U 69069A   26142.62339644  .00000087  00000+0  00000+0 0  9993
2 04068   0.2349 166.9208 0005337 114.2314  36.5041  0.99491850 46075
OPS 7613 (P/L 4)        
1 04237U 69082E   26142.29143472 -.00000006  00000+0  34182-4 0  9996
2 04237  70.0126 159.2107 0019981 171.5863 199.7088 13.95991890882697
OPS 7613 (P/L 1)        
1 04256U 69082B   26142.64363807  .00000088  00000+0  97250-4 0  9996
2 04256  70.0110  19.8894 0017056 100.1543 260.1489 13.99189867886890
SHINSEI (MS-F2)         
1 05485U 71080A   26142.54220414  .00000069  00000+0  72715-4 0  9995
2 05485  32.0558 214.0958 0639823 229.5443 124.7636 12.74250578545987
PROSPERO (BLACK ARROW)  
1 05580U 71093A   26142.45606567  .00000354  00000+0  73813-4 0  9999
2 05580  82.0372 313.4215 0500370 301.0003  54.2921 14.01564089744920
OPS 7898 (P/L 2)        
1 05680U 71110C   26142.48654270 -.00000011  00000+0  41237-4 0  9993
2 05680  69.9908  55.9585 0009200 216.7889 143.2575 13.74756429344681
NOAA 2 (ITOS-D)         
1 06235U 72082A   26142.32726258 -.00000043  00000+0  21791-4 0  9996
2 06235 102.0086 160.6147 0003894 214.0862 157.5013 12.53214070451712
OSCAR 7 (AO-7)          
1 07530U 74089B   26142.55304902 -.00000050  00000+0 -22026-4 0  9998
2 07530 101.9910 155.5319 0012283 178.2619 356.6675 12.53697581357300
TIROS N                 
1 11060U 78096A   26142.47840913  .00000086  00000+0  60884-4 0  9992
2 11060  98.4544 164.6950 0009517 322.8093  37.2424 14.19366801675104
PHASE 3B (AO-10)        
1 14129U 83058B   26140.20547571 -.00000279  00000+0  00000+0 0  9992
2 14129  25.8960 224.2131 6020564 107.9633 323.3103  2.05872908294917
HILAT                   
1 14154U 83063A   26142.35762053  .00000235  00000+0  70867-4 0  9992
2 14154  82.0245 185.0389 0039438  11.2386 359.5476 14.38693437243871
UOSAT 2 (UO-11)         
1 14781U 84021B   26142.31237022  .00000905  00000+0  97904-4 0  9997
2 14781  97.8043 108.1804 0006034 270.5131  89.5396 14.90712290253272
NOAA 9                  
1 15427U 84123A   26142.52222557  .00000045  00000+0  45577-4 0  9992
2 15427  99.1004 168.5637 0015607  64.8186  98.4856 14.17060380139780
GEOSAT                  
1 15595U 85021A   26142.65374433  .00000026  00000+0  51431-4 0  9996
2 15595 108.0457  28.3129 0001265 266.9952  93.1045 14.39952959159092
EUTELSAT 1-F4 (ECS 4)   
1 18351U 87078B   26142.53731351 -.00000074  00000+0  00000+0 0  9991
2 18351  13.8471 342.3066 0011453  41.3504 147.4377  0.98687541126504
PACSAT (AO-16)          
1 20439U 90005D   26142.34610089  .00000072  00000+0  42360-4 0  9995
2 20439  98.8539 177.4173 0009662 311.6921  59.6877 14.33927368898236
LUSAT (LO-19)           
1 20442U 90005G   26142.01862950  .00000067  00000+0  40862-4 0  9998
2 20442  98.8863 163.1016 0010452 284.4544  75.5480 14.34113998898644
IRS-1B                  
1 21688U 91061A   26142.27016017 -.00000241  00000+0 -13700-3 0  9993
2 21688  99.4118 149.5712 0025054  74.3656 296.9160 13.97870657664872
COSMOS 2197             
1 22034U 92042A   26142.57706258  .00000027  00000+0  86871-4 0  9995
2 22034  82.5948 245.2952 0011878 337.1200  33.6907 12.64251632562057
PEGASUS R/B             
1 22491U 93009C   26142.59117629  .00000708  00000+0  10619-3 0  9998
2 22491  24.9776 251.0894 0043838 190.5878 169.3711 14.57929939765899
EYESAT A (AO-27)        
1 22825U 93061C   26142.61743406  .00000061  00000+0  40019-4 0  9998
2 22825  98.6889 210.0387 0008636 167.9515 192.1875 14.30934348703346
ITAMSAT (IO-26)         
1 22826U 93061D   26142.46465734  .00000049  00000+0  35381-4 0  9999
2 22826  98.6837 209.8009 0009444 152.9449 207.2228 14.31360382703639
RADIO ROSTO (RS15)      
1 23439U 94085A   26142.57352604 -.00000046  00000+0 -10049-3 0  9992
2 23439  64.8183 344.6422 0155224   8.5845 351.7680 11.27583591293014
JAS-2 (FO-29)           
1 24278U 96046B   26142.35961290 -.00000003  00000+0  30941-4 0  9992
2 24278  98.5265 354.7664 0350169 163.3132 197.9882 13.53272973469676
FORTE                   
1 24920U 97047A   26142.52675514  .00000131  00000+0  75875-4 0  9994
2 24920  69.9536  71.9798 0024061 308.6524  51.2444 14.27933137495029
NOAA 15                 
1 25338U 98030A   26142.59560067  .00000093  00000+0  55469-4 0  9998
2 25338  98.5078 163.9185 0011371  65.8280 294.4088 14.27137805457644
TECHSAT 1B (GO-32)      
1 25397U 98043D   26142.42564885  .00000032  00000+0  34162-4 0  9991
2 25397  99.0062 134.5358 0000487 347.2535  12.8630 14.24422646447663
ISS (ZARYA)             
1 25544U 98067A   26142.51965853  .00007327  00000+0  13945-3 0  9990
2 25544  51.6330  67.1668 0007537  86.3178 273.8673 15.49313075567775
ORSTED                  
1 25635U 99008B   26142.47266237  .00000306  00000+0  75939-4 0  9994
2 25635  96.4836  55.8266 0130135 269.1236  89.5052 14.51784061438239
LANDSAT 7               
1 25682U 99020A   26142.62543709  .00000263  00000+0  58761-4 0  9995
2 25682  97.8582 147.4335 0001580 102.1517  30.9883 14.63891556442102
ORBCOMM FM36            
1 25984U 99065E   26142.42430978  .00000522  00000+0  21294-3 0  9998
2 25984  45.0393 281.8861 0004425 201.3683 158.6983 14.39144268383271
DMSP 5D-3 F15 (USA 147) 
1 25991U 99067A   26142.62013944  .00000093  00000+0  68075-4 0  9992
2 25991  98.9978 180.8535 0011104  77.2477  76.0479 14.17553073367026
OPAL (OO-38)            
1 26063U 00004C   26142.29324480  .00000087  00000+0  47878-4 0  9990
2 26063 100.1907  74.3418 0036492 107.8192 252.6975 14.37953511379561
IMAGE                   
1 26113U 00017A   26140.40834432  .00000106  00000+0  33926-1 0  9992
2 26113  94.2067 315.0050 7452477 290.9630   8.3365  1.68665746161037
CLUSTER II-FM7 (SAMBA)  
1 26410U 00041A   26143.59500657  .00002941  00000+0  00000+0 0  9995
2 26410 149.8702  46.5713 9026485 263.4193   0.0971  0.44823833 20198
CLUSTER II-FM8 (TANGO)  
1 26464U 00045B   26143.65123941  .00003021  00000+0  00000+0 0  9992
2 26464 150.1172  47.5958 9029962 264.3022   0.1110  0.44399646 20184
MEGSAT-1                
1 26546U 00057B   26142.30283228  .00001754  00000+0  13251-3 0  9999
2 26546  64.5467 152.0484 0041425 286.8373  72.8202 15.05319278393764
PHASE 3D (AO-40)        
1 26609U 00072B   26142.16513745 -.00000190  00000+0  00000+0 0  9998
2 26609   9.4648 355.0007 7931503 170.3175 228.9344  1.25588259117183
ODIN                    
1 26702U 01007A   26142.56298460  .00106610  00000+0  96031-3 0  9995
2 26702  97.3902 182.0114 0004115 174.7083 185.4222 15.67848349385372
OMNI-M1                 
1 26857U 01026A   26142.49378126 -.00000031  00000+0  00000+0 0  9995
2 26857  44.8394 251.1861 0015128  49.3064 310.8571  3.92401464204564
PCSAT (NO-44)           
1 26931U 01043C   26142.45611982  .00000089  00000+0  64269-4 0  9997
2 26931  67.0507 310.8236 0006195 263.6674  96.3722 14.31944821286761
PROBA-1                 
1 26958U 01049B   26142.58059287  .00000780  00000+0  54543-4 0  9992
2 26958  97.9598 150.2213 0054198 208.1836 151.6456 15.07377382339767
SPOT 5                  
1 27421U 02021A   26142.58476006  .00000259  00000+0  64609-4 0  9996
2 27421  97.9865 182.5796 0129477 356.7432   3.2909 14.54730752259120
FENGYUN 1D              
1 27431U 02024B   26142.60619483 -.00000060  00000+0 -87634-5 0  9997
2 27431  98.9535 193.0509 0014599 317.8421  42.1625 14.10220652235877
SAUDISAT 1C (SO-50)     
1 27607U 02058C   26142.46306341  .00000596  00000+0  88191-4 0  9999
2 27607  64.5519 208.5715 0075606 267.1768  92.0683 14.82985134260644
CORIOLIS                
1 27640U 03001A   26142.47738652  .00000073  00000+0  54905-4 0  9996
2 27640  98.7131 149.7547 0012832 288.7607  71.2177 14.19936975210575
CUTE-1 (CO-55)          
1 27844U 03031E   26142.46674894  .00000199  00000+0  10513-3 0  9996
2 27844  98.6742 151.3493 0008302 258.8115 101.2131 14.24317708188016
CUBESAT XI-IV (CO-57)   
1 27848U 03031J   26141.95034094  .00000157  00000+0  88350-4 0  9994
2 27848  98.6772 150.5730 0008213 282.0275  77.9983 14.23604890187647
MOZHAETS 4 (RS22)       
1 27939U 03042A   26142.61560544  .00000487  00000+0  83419-4 0  9992
2 27939  98.3471 326.2531 0011181 356.9570  91.4621 14.73414469211788
IRS-P6 (RESOURCESAT-1)  
1 28051U 03046A   26142.60672520  .00000299  00000+0  11379-3 0  9995
2 28051  98.1919 180.3713 0065367  59.6394  91.4226 14.36152421176851
SAUDISAT 2              
1 28371U 04025F   26142.47645292  .00000179  00000+0  50959-4 0  9994
2 28371  98.5508 141.7950 0025096  18.6165 341.5945 14.56665721162007
COSMOS 2407             
1 28380U 04028A   26142.64434471  .00000073  00000+0  59711-4 0  9999
2 28380  82.9593  93.7506 0038458 325.7512 207.3158 13.76332407 96368
COSMOS 2414             
1 28521U 05002A   26142.51198262  .00000075  00000+0  49529-4 0  9998
2 28521  82.9506  63.0659 0041212  44.0431 316.4003 13.87923793 80259
INMARSAT 4-F1           
1 28628U 05009A   26142.05423784  .00000024  00000+0  00000+0 0  9992
2 28628   5.1356  42.7155 0002640  12.1735  22.4260  1.00270506 77419
HAMSAT (VO-52)          
1 28650U 05017B   26142.53715681  .00003977  00000+0  25158-3 0  9994
2 28650  97.9922 164.5238 0020825 121.7613 238.5648 15.09460223142890
NOAA 18                 
1 28654U 05018A   26142.57239737  .00000033  00000+0  40642-4 0  9992
2 28654  98.8112 222.6203 0013554 220.3027 139.7142 14.13723987 82694
SJ-7                    
1 28737U 05024A   26142.50460884  .00006323  00000+0  28654-3 0  9999
2 28737  97.7302 171.9244 0017512 119.3289 240.9698 15.21092823144127
CUBESAT XI-V            
1 28895U 05043F   26142.37848723  .00000892  00000+0  14847-3 0  9996
2 28895  98.2958 297.4638 0012812 288.8711  71.1106 14.72552017 97953
CLOUDSAT                
1 29107U 06016A   26142.56823033  .00000661  00000+0  81946-4 0  9991
2 29107  98.3944 178.4377 0006409  63.0359 297.1509 14.86333701 70703
CALIPSO                 
1 29108U 06016B   26142.55568225  .00000505  00000+0  94533-4 0  9993
2 29108  98.4479 157.3463 0001487  74.1113 286.0255 14.69291739 69294
HINODE (SOLAR-B)        
1 29479U 06041A   26142.49933985  .00000472  00000+0  89486-4 0  9998
2 29479  98.0557 159.0306 0017729  14.6538 345.5178 14.68579722 51105
METOP-A                 
1 29499U 06044A   26142.59152778  .00002094  00000+0  24502-3 0  9996
2 29499  98.3306 248.4966 0175038 150.6734  40.2756 14.75836460 21677
SHIJIAN-6 02B (SJ-6 02B)
1 29506U 06046B   26142.55327028  .00001459  00000+0  11795-3 0  9999
2 29506  97.7156 171.7704 0012590 139.7301 220.4858 15.01297746 66897
DMSP 5D-3 F17 (USA 191) 
1 29522U 06050A   26142.57214817  .00000022  00000+0  33912-4 0  9996
2 29522  98.7382 149.6665 0011055 125.0411 235.1801 14.14988068  8807
LAPAN-TUBSAT            
1 29709U 07001A   26142.59832163 -.00000064  00000+0 -70382-6 0  9994
2 29709  98.1344 141.2472 0010754 270.3402  89.6580 14.85918299 47355
HAIYANG-1B              
1 31113U 07010A   26142.41412680  .00000058  00000+0  37790-4 0  9990
2 31113  98.3486 125.2608 0012219 279.1174  80.8627 14.31019713996947
BEIDOU-2 M1             
1 31115U 07011A   26141.87928891 -.00000009  00000+0  00000+0 0  9994
2 31115  50.9382 220.1532 0001495 348.2681  11.7895  1.77349337 75687
CAPE-1                  
1 31130U 07012P   26142.34998871  .00000725  00000+0  13885-3 0  9993
2 31130  98.4449 116.1573 0084168 151.0111 209.5804 14.64800604 14577
CBERS 2B                
1 32062U 07042A   26142.58054705  .00000174  00000+0  66377-4 0  9999
2 32062  98.3914  87.6789 0032080  53.2190 120.2314 14.41459838980992
COSMO-SKYMED 2          
1 32376U 07059A   26142.57453718  .00000253  00000+0  38360-4 0  9990
2 32376  97.8884 326.5444 0001449  91.0188 269.1192 14.82161590998205
CARTOSAT-2A             
1 32783U 08021A   26142.61213178  .00000186  00000+0  31769-4 0  9992
2 32783  97.7644 192.1920 0011418 187.6304 172.4736 14.79195392975023
CUTE-1.7+APD II (CO-65) 
1 32785U 08021C   26142.59199093  .00003289  00000+0  21104-3 0  9998
2 32785  97.8269 123.4863 0010728 111.7968 248.4403 15.09171439981335
SEEDS II (CO-66)        
1 32791U 08021J   26141.94830456  .00013529  00000+0  44374-3 0  9990
2 32791  97.7528 138.6148 0004563  66.4875 293.6845 15.31738649983270
YUBILEINY (RS30)        
1 32953U 08025A   26142.58691955  .00000061  00000+0  37054-3 0  9998
2 32953  82.5056  11.3659 0019961  10.1666 349.9813 12.43178647816512
FENGYUN 3A              
1 32958U 08026A   26142.60269990  .00000047  00000+0  42625-4 0  9992
2 32958  98.6876  83.9162 0008280 194.6560 165.4377 14.19564997931776
HUANJING 1A (HJ-1A)     
1 33320U 08041A   26142.61070139  .00000731  00000+0  93951-4 0  9997
2 33320  97.6681 129.4418 0017713 219.1345 140.8590 14.83921162954612
HUANJING 1B (HJ-1B)     
1 33321U 08041B   26142.63580779  .00000012  00000+0  78702-5 0  9996
2 33321  97.6518 132.7140 0034726 267.6493  92.0745 14.83264772954624
SHIJIAN-6 03A (SJ-6 03A)
1 33408U 08053A   26142.58826854  .00004581  00000+0  23588-3 0  9991
2 33408  97.8423 175.0231 0013142  99.5851 260.6866 15.16872419959089
SHIJIAN-6 03B (SJ-6 03B)
1 33409U 08053B   26142.62304920  .00000154  00000+0  15673-4 0  9991
2 33409  97.8578 162.0926 0020720 124.0927 236.2268 15.04217058958900
CHUANGXIN 1-02 (CX-1-02)
1 33434U 08056B   26142.62120436  .00000173  00000+0  83986-4 0  9993
2 33434  98.6147 169.1417 0013482 211.4300 148.6078 14.30147564914960
STARS (KUKAI)           
1 33498U 09002G   26142.59573826  .00003254  00000+0  29905-3 0  9999
2 33498  98.1539  88.8660 0006660 250.7915 109.2584 14.95545789934650
KKS-1 (KISEKI)          
1 33499U 09002H   26142.55136259  .00000904  00000+0  11797-3 0  9990
2 33499  98.1194  64.5884 0008466  23.5322 336.6276 14.83046244932393
NOAA 19                 
1 33591U 09005A   26142.56679168  .00000016  00000+0  32442-4 0  9993
2 33591  98.9526 213.4221 0014852 102.4386 257.8449 14.13469737890866
UK-DMC 2                
1 35683U 09041C   26142.60063383  .00000657  00000+0  10266-3 0  9998
2 35683  97.8805 278.1984 0001577  77.6894 282.4492 14.75980659902796
METEOR-M 1              
1 35865U 09049A   26142.34339355  .00000054  00000+0  43422-4 0  9996
2 35865  98.7371 105.0058 0002942  44.4825 315.6589 14.23150158865575
OCEANSAT-2              
1 35931U 09051A   26142.60759531  .00000345  00000+0  26143-3 0  9997
2 35931  98.2305 132.0135 0014716 313.8790  46.1161 13.99653008875750
SWISSCUBE               
1 35932U 09051B   26142.16956427  .00000681  00000+0  14439-3 0  9990
2 35932  98.4053  49.6037 0005639 301.8079  58.2572 14.62423488885353
BEESAT-1                
1 35933U 09051C   26142.16553862  .00000569  00000+0  12409-3 0  9997
2 35933  98.3981  49.2892 0004398 321.4782  38.6104 14.61671269885385
ITUPSAT1                
1 35935U 09051E   26142.54477256  .00000522  00000+0  11785-3 0  9998
2 35935  98.4066  48.8932 0006771 328.2499  31.8291 14.60395819884990
DMSP 5D-3 F18 (USA 210) 
1 35951U 09057A   26142.54176880  .00000213  00000+0  13340-3 0  9997
2 35951  98.9028 123.3688 0010475 329.8306  30.2263 14.14880945855963
PROBA-2                 
1 36037U 09059B   26142.44955298  .00000106  00000+0  35142-4 0  9998
2 36037  98.2449 326.1598 0013314   6.1911 353.9448 14.54849768877780
YAOGAN-7                
1 36110U 09069A   26142.63351037  .00000309  00000+0  49889-4 0  9991
2 36110  98.0101  28.6546 0025806 119.9996 240.3780 14.77979895885852
XIWANG-1 (HOPE-1)       
1 36122U 09072B   26142.63218102 -.00000293  00000+0 -65053-3 0  9997
2 36122 100.4019  96.8750 0006948 295.2370  64.8022 13.16436704789642
RADUGA-1M 2             
1 36358U 10002A   26142.53176682  .00000064  00000+0  00000+0 0  9999
2 36358   3.5566  79.1628 0006558 265.2408 156.4075  0.98963742 49779
COSMOS 2463             
1 36519U 10017A   26142.64948784  .00000055  00000+0  44037-4 0  9999
2 36519  82.9599 268.4690 0035791 198.8128 173.8251 13.71663751804431
CARTOSAT-2B             
1 36795U 10035A   26142.62484262  .00000455  00000+0  69235-4 0  9990
2 36795  97.9962 193.3353 0010019 274.6819  85.3247 14.78623689856078
AISSAT 1                
1 36797U 10035C   26142.14723770  .00001432  00000+0  12906-3 0  9997
2 36797  98.0954  40.4726 0009958 134.3564 225.8475 14.97240441860327
TISAT 1                 
1 36799U 10035E   26142.56495565  .00016259  00000+0  55182-3 0  9999
2 36799  98.0701  86.8648 0002554  35.9201 324.2209 15.30603857863789
YAOGAN-10               
1 36834U 10038A   26142.63316501  .00001021  00000+0  12532-3 0  9995
2 36834  97.8988 166.2414 0001504  92.3177  56.1295 14.85257776853419
SHIJIAN-6 04B (SJ-6 04B)
1 37180U 10051B   26142.59512037  .00000124  00000+0  15221-4 0  9994
2 37180  97.8701 147.7470 0011381  34.4097 325.7860 14.99259366851845
FENGYUN 3B              
1 37214U 10059A   26142.65236182  .00000323  00000+0  19043-3 0  9997
2 37214  98.9629 188.5563 0020995 258.8234 261.6030 14.14835777803810
COSMO-SKYMED 4          
1 37216U 10060A   26142.58721681 -.00000041  00000+0  13483-5 0  9998
2 37216  97.8887 326.5580 0001356  86.5227 273.6141 14.82157911840771
O/OREOS (USA 219)       
1 37224U 10062C   26142.41177257  .00001383  00000+0  13678-3 0  9998
2 37224  71.9678 138.7188 0012609 119.6663 240.5765 14.93617084112796
ELEKTRO-L 1 (GOMS 2)    
1 37344U 11001A   26142.33723905 -.00000115  00000+0  00000+0 0  9997
2 37344   9.6301  54.7677 0004116  23.6695 182.2127  1.00155821 56222
RESOURCESAT-2           
1 37387U 11015A   26142.61049723  .00000044  00000+0  40419-4 0  9992
2 37387  98.7651 210.2273 0010648 336.6749  23.3944 14.21606107782549
YOUTHSAT                
1 37388U 11015B   26142.41611646  .00000132  00000+0  72968-4 0  9992
2 37388  98.3669 117.6349 0015606  60.0291  91.3707 14.25617887783968
APRIZESAT 6             
1 37793U 11044F   26142.21574049  .00000417  00000+0  66372-4 0  9995
2 37793  98.2379  52.1838 0043354 167.2873 346.0451 14.76874057793314
JUGNU                   
1 37839U 11058B   26142.04226413  .00000367  00000+0  52253-4 0  9998
2 37839  19.9598 107.2603 0018716 147.3577 281.5762 14.13768002755324
SRMSAT                  
1 37841U 11058D   26142.55819892  .00000356  00000+0  49581-4 0  9994
2 37841  19.9709 214.6004 0011604 282.7087 128.5504 14.11569476754198
SUOMI NPP               
1 37849U 11061A   26142.61307868  .00000042  00000+0  41028-4 0  9998
2 37849  98.7945  83.6655 0002654  57.4239 302.7193 14.19511319754810
YAOGAN-12               
1 37875U 11066B   26142.63375550  .00007562  00000+0  29438-3 0  9991
2 37875  97.1158 182.4076 0008650 325.7002  34.3678 15.26233395808140
BEIDOU-2 M4             
1 38251U 12018B   26141.27304667 -.00000060  00000+0  00000+0 0  9995
2 38251  55.6813 304.9979 0010992 279.4867  80.3679  1.86229203 95442
ARIRANG-3 (KOMPSAT-3)   
1 38338U 12025B   26142.57630564  .00000281  00000+0  64970-4 0  9996
2 38338  98.1158 100.4814 0005116 180.1370 179.9831 14.62180005747609
HORYU-2                 
1 38340U 12025D   26142.33443477  .00001988  00000+0  20780-3 0  9993
2 38340  98.2144 274.2220 0006815 264.8084  95.2355 14.90886685744873
CSSWE                   
1 38761U 12048D   26141.21400619  .00017618  00000+0  38228-3 0  9995
2 38761  64.6609 184.7671 0051651 182.3321 177.7584 15.43079569112237
CP5                     
1 38763U 12048F   26142.53321455  .00013077  00000+0  44928-3 0  9992
2 38763  64.6445 237.3318 0083475 184.4103 175.6301 15.27083624112840
METOP-B                 
1 38771U 12049A   26142.56711533  .00000062  00000+0  48074-4 0  9992
2 38771  98.6520 194.5753 0003390  74.1018 286.0533 14.21424727709623
SJ-9A                   
1 38860U 12056A   26142.56720988  .00000810  00000+0  99647-4 0  9996
2 38860  97.6695 115.4497 0025168 345.3431  14.7052 14.85413309695787
COSMOS 2484 (RODNIK-S 6)
1 39059U 13001C   26142.62959531  .00000012  00000+0  15227-4 0  9999
2 39059  82.5026 237.7801 0027537  90.5533 269.8702 12.42938243605382
SARAL                   
1 39086U 13009A   26142.62248639  .00000055  00000+0  36195-4 0  9991
2 39086  98.5560 329.5137 0002178  34.0482 326.0841 14.32848852691948
AAUSAT 3                
1 39087U 13009B   26141.98347293  .00000408  00000+0  14349-3 0  9994
2 39087  98.3700 326.3750 0010162 293.4942  66.5179 14.39902480693401
STRAND-1                
1 39090U 13009E   26142.01732293  .00000166  00000+0  70269-4 0  9996
2 39090  98.3917 322.8970 0007684 315.3606  44.6961 14.37145591693301
BRITE-AUSTRIA           
1 39091U 13009F   26142.22790561  .00000116  00000+0  54097-4 0  9998
2 39091  98.3989 322.3072 0009372 323.4490  36.6056 14.36530367693322
UNIBRITE                
1 39092U 13009G   26142.44681757  .00000109  00000+0  51779-4 0  9995
2 39092  98.4028 322.6254 0008240 319.6706  40.3869 14.36401440693292
AIST-2 (RS43)           
1 39133U 13015D   26142.56927640  .00003976  00000+0  16145-3 0  9997
2 39133  64.8700 341.0809 0019919 245.9079 113.9968 15.25974291719993
GAOFEN-1                
1 39150U 13018A   26142.65019766  .00000828  00000+0  12580-3 0  9992
2 39150  97.9093 215.2356 0016867 353.6342   6.4651 14.76545620704479
NEE-01 PEGASO           
1 39151U 13018B   26142.33896943  .00001998  00000+0  19540-3 0  9990
2 39151  98.1192 285.6428 0011418 246.3695 113.6326 14.93511916706843
TURKSAT-3USAT           
1 39152U 13018C   26142.20200042  .00003201  00000+0  28845-3 0  9993
2 39152  97.7920 233.1400 0012204 178.9649 181.1600 14.96236919707205
CUBEBUG-1 (CAPITAN BETO)
1 39153U 13018D   26142.37108089  .00002337  00000+0  20788-3 0  9997
2 39153  98.1638 301.1698 0011027 229.1397 130.8869 14.97108600707207
PROBA-V                 
1 39159U 13021A   26142.39487703  .00000061  00000+0  44921-4 0  9990
2 39159  98.3569 122.2768 0003761 190.0945 170.0159 14.23591006677444
ESTCUBE 1               
1 39161U 13021C   26142.59440119  .00001084  00000+0  14529-3 0  9991
2 39161  97.7309 197.6781 0009798  98.5013 261.7311 14.81309890701232
ARIRANG-5 (KOMPSAT-5)   
1 39227U 13042A   26142.62688994  .00000365  00000+0  30406-4 0  9990
2 39227  97.6208 329.6867 0002611 190.2130 169.9044 15.04503023700018
GONETS-M 5              
1 39249U 13048A   26142.59742009  .00000057  00000+0  34089-3 0  9992
2 39249  82.4840 359.3382 0015640 270.0302  89.8985 12.42891387575704
GONETS-M 7              
1 39251U 13048C   26142.64134100  .00000114  00000+0  75453-3 0  9992
2 39251  82.4909   2.2196 0016454 271.2324  88.6871 12.42914407575666
FENGYUN 3C              
1 39260U 13052A   26142.60128243  .00000070  00000+0  56792-4 0  9991
2 39260  98.4967 117.6536 0015872  96.3908 263.9075 14.15748292654945
CASSIOPE                
1 39265U 13055A   26142.55656188  .00028840 -66501-6  32510-3 0  9999
2 39265  80.9138  97.7886 0300009 148.3035 213.6662 15.23046653663766
APRIZESAT 7             
1 39416U 13066A   26142.32561801  .00000728  00000+0  77739-4 0  9993
2 39416  97.7695  95.9209 0034437 298.4511  61.3239 14.91497203677377
ZACUBE-1 (TSHEPISOSAT)  
1 39417U 13066B   26142.34338620  .00003263  00000+0  25644-3 0  9991
2 39417  97.8116 104.5402 0040675 339.3420  20.6157 15.00965140676854
APRIZESAT 8             
1 39425U 13066K   26142.58176282  .00000790  00000+0  91518-4 0  9996
2 39425  97.8209  90.4104 0046335  12.1596 348.0728 14.87589195675864
CINEMA-3 (KHUSAT-2)     
1 39426U 13066L   26142.48892117  .00000900  00000+0  12355-3 0  9992
2 39426  97.8415  55.3531 0088652 296.1187  63.0923 14.78232253670659
TRITON-1                
1 39427U 13066M   26142.56538466  .00001867  00000+0  22884-3 0  9997
2 39427  97.8256  52.9555 0089154 318.7817  40.6687 14.81582176670295
DELFI-N3XT              
1 39428U 13066N   26142.47523791  .00004707  00000+0  41627-3 0  9995
2 39428  97.8346  62.8153 0073107 293.1747  66.1783 14.94766051670783
GOMX-1                  
1 39430U 13066Q   26142.51356799  .00001404  00000+0  21668-3 0  9999
2 39430  97.6497 344.5957 0129232 159.3186 201.3320 14.69342436666148
BRITE-PL1 (LEM)         
1 39431U 13066R   26142.54665249  .00000523  00000+0  11283-3 0  9999
2 39431  97.7936 256.7246 0191506  91.0648 271.2495 14.51335470660213
ICUBE-1                 
1 39432U 13066S   26142.41405471  .00010299  00000+0  41248-3 0  9990
2 39432  97.5694 127.7767 0018677  65.8467 294.4721 15.25083261680483
VELOX-PII               
1 39438U 13066Y   26142.29946276  .00002063  00000+0  19893-3 0  9996
2 39438  97.8734  93.6402 0054714  69.2950 291.4122 14.92917721673979
CUBEBUG-2 (LO-74)       
1 39440U 13066AA  26142.60650048  .00003241  00000+0  30279-3 0  9993
2 39440  97.8897  91.4839 0059528 111.5595 249.1983 14.93533229673171
NEE-02 KRYSAOR          
1 39441U 13066AB  26142.29453981  .00001148  00000+0  13099-3 0  9991
2 39441  97.8886  81.6984 0066825 153.3967 207.0703 14.86503607672358
FUNCUBE-1 (AO-73)       
1 39444U 13066AE  26142.33333733  .00005968  00000+0  37533-3 0  9994
2 39444  97.8267 113.2487 0034812 293.0806  66.6754 15.09114164675764
HINCUBE                 
1 39445U 13066AF  26142.34245448  .00004907  00000+0  32044-3 0  9995
2 39445  97.7951 110.4869 0031650 300.5406  59.2699 15.07916703675633
UWE-3                   
1 39446U 13066AG  26141.81168851  .00003367  00000+0  29228-3 0  9998
2 39446  97.8681  97.7159 0050377  49.0373 311.5191 14.96767097673635
SMDC ONE 2.4            
1 39469U 13072H   26142.38207191  .00007091  00000+0  28521-3 0  9997
2 39469 120.4894 252.4980 0141459 351.2595   8.6025 15.17635495113917
CP8 (IPEX)              
1 39471U 13072K   26142.04861043  .00004341  00000+0  22875-3 0  9996
2 39471 120.4625 199.1846 0160728 334.3755  24.9418 15.07743351111296
COSMOS 2488 (RODNIK-S 7)
1 39483U 13076A   26142.60110426 -.00000023  00000+0 -24159-3 0  9999
2 39483  82.4841 184.6360 0020328 148.4265 211.8038 12.42904877562717
COSMOS 2489 (RODNIK-S 8)
1 39484U 13076B   26142.57576677 -.00000126  00000+0 -98459-3 0  9998
2 39484  82.4879 186.0221 0022168 148.6463 211.5944 12.42878991562762
COSMOS 2490 (RODNIK-S 9)
1 39485U 13076C   26142.54761175 -.00000017  00000+0 -19338-3 0  9993
2 39485  82.4825 184.1183 0021980 164.0433 196.1344 12.42877145562694
AIST-1 (RS41)           
1 39492U 13078C   26142.60989274  .00000761  00000+0  65367-4 0  9990
2 39492  82.4150 295.6529 0016977   8.6904 351.4608 14.95987239671428
KAZEOSAT 1              
1 39731U 14024A   26142.62682314  .00000300  00000+0  10443-3 0  9998
2 39731  98.3202 215.7083 0001588  85.2275 274.9096 14.42068930634878
COSMOS 2496 (RODNIK-S *)
1 39761U 14028A   26142.58568075  .00000012  00000+0  17915-4 0  9999
2 39761  82.4431 124.7669 0020803 132.0561 228.2293 12.42877368544331
COSMOS 2497 (RODNIK-S *)
1 39762U 14028B   26142.56128563 -.00000102  00000+0 -81060-3 0  9995
2 39762  82.4478 126.4622 0021433 127.3258 232.9778 12.42892609544336
COSMOS 2498 (RODNIK-S *)
1 39763U 14028C   26142.62115296  .00000005  00000+0 -36432-4 0  9997
2 39763  82.4439 124.9229 0022169 126.9422 233.3692 12.42979219544372
COSMOS 2499 (RS47)      
1 39765U 14028E   26142.62133978  .00000014  00000+0  49099-5 0  9999
2 39765  82.4487 269.6784 0232355  61.8494 300.5873 12.82902491561746
HODOYOSHI-4             
1 40011U 14033B   26142.61681295  .00001269  00000+0  14297-3 0  9993
2 40011  97.5457 328.6751 0024611  33.7407 326.5371 14.88061739645004
UNISAT-6                
1 40012U 14033C   26142.24653227  .00002563  00000+0  27940-3 0  9994
2 40012  97.7854 295.4231 0045949 152.5300 207.8361 14.88072098642301
DEIMOS-2                
1 40013U 14033D   26142.59295347  .00000870  00000+0  87512-4 0  9999
2 40013  97.5851  17.9772 0002227  75.0006 285.1461 14.93640610633901
BUGSAT-1 (TITA)         
1 40014U 14033E   26142.61500461  .00003078  00000+0  16626-3 0  9999
2 40014  98.0410 233.6757 0026741 267.8644  91.9524 15.15275563651960
SAUDISAT 4              
1 40016U 14033G   26142.41916968  .00000516  00000+0  74653-4 0  9991
2 40016  97.7551 289.4509 0045471 155.6169 204.7208 14.79500396642265
APRIZESAT 9             
1 40018U 14033J   26142.61876298  .00000341  00000+0  57945-4 0  9997
2 40018  97.9026 276.4474 0064774 282.7527  76.6447 14.74178465639798
BRITE-CA1 (TORONTO)     
1 40020U 14033L   26142.62633985  .00000440  00000+0  73910-4 0  9995
2 40020  97.9706 272.0312 0078552 359.7935   0.3227 14.72636785638450
DUCHIFAT-1              
1 40021U 14033M   26142.39633259  .00066099  00000+0  83099-3 0  9994
2 40021  98.0490 198.0421 0006197 164.1720 195.9729 15.59447603651725
NANOSATC-BR1            
1 40024U 14033Q   26142.51982737  .00013391  00000+0  45616-3 0  9999
2 40024  98.0740 172.6499 0001749 259.5011 100.6031 15.30534317650051
QB50P1                  
1 40025U 14033R   26142.50892148  .00006783  00000+0  33896-3 0  9999
2 40025  98.0978 151.8633 0007424 323.0460  37.0260 15.17806696649136
DTUSAT-2                
1 40030U 14033W   26141.94793384  .00005374  00000+0  29468-3 0  9999
2 40030  98.0869 138.0182 0006958 337.1706  22.9213 15.14628790648715
QB50P2                  
1 40032U 14033Y   26141.94464267  .00004997  00000+0  27325-3 0  9996
2 40032  98.0756 137.2004 0005694 263.1279  96.9304 15.14774701648698
PERSEUS-M1              
1 40039U 14033AF  26142.27787688  .00000967  00000+0  92606-4 0  9993
2 40039  97.9636  85.9887 0012464  30.2087 329.9849 14.95533863646760
POLYITAN-1              
1 40042U 14033AJ  26142.52664978  .00014291  00000+0  46114-3 0  9998
2 40042  98.0965 166.3793 0006035 224.3071 135.7686 15.32254527649660
TIGRISAT                
1 40043U 14033AK  26142.37788675  .00001577  00000+0  18700-3 0  9996
2 40043  97.7803 292.9880 0049998 157.8761 202.4628 14.85035204641792
AISAT                   
1 40054U 14034B   26142.49398162  .00008415  00000+0  54712-3 0  9991
2 40054  98.2402  53.0374 0008051 318.7759  41.2858 15.08257387643339
CANX-4                  
1 40055U 14034C   26142.61734143  .00000608  00000+0  85313-4 0  9997
2 40055  98.3154  16.9883 0014148  92.9315 267.3515 14.81209816640748
CANX-5                  
1 40056U 14034D   26142.48096526  .00000610  00000+0  85542-4 0  9996
2 40056  98.3157  16.8889 0014139  93.5228 266.7601 14.81226712631537
VELOX-I                 
1 40057U 14034E   26142.67150292  .00004595  00000+0  39848-3 0  9992
2 40057  98.2548  46.2287 0007290  10.1438 349.9929 14.97606334642783
GONETS-M 10             
1 40063U 14036C   26142.55402093  .00000013  00000+0  18823-4 0  9999
2 40063  82.5104 323.6002 0021549 195.7666 164.2745 12.42944738539068
METEOR-M 2              
1 40069U 14037A   26142.59394346 -.00000238  00000+0 -89826-4 0  9993
2 40069  98.5108 119.2416 0006893 106.0826 254.1111 14.21452420615681
DX1                     
1 40071U 14037C   26142.64016830  .00001350  00000+0  14683-3 0  9993
2 40071  98.3857 102.7965 0007347   7.8903 352.2427 14.89892479642303
UKUBE-1                 
1 40074U 14037F   26142.44735824  .00005677  00000+0  32523-3 0  9994
2 40074  98.4245 143.0256 0000689 143.1184 217.0092 15.13075972644662
GAOFEN-2                
1 40118U 14049A   26142.63553525  .00000174  00000+0  29437-4 0  9991
2 40118  98.0113 206.8656 0006516 326.6653  33.4148 14.80867875635450
BRITE-PL2 (HEWELIUSZ)   
1 40119U 14049B   26142.26210528  .00001701  00000+0  16291-3 0  9994
2 40119  97.9072 254.0684 0013842 189.7610 170.3343 14.94481935637577
CBERS 4                 
1 40336U 14079A   26142.59593439  .00000192  00000+0  81477-4 0  9991
2 40336  98.3538 200.2281 0002103  92.7884 267.3543 14.35501463600281
SMAP                    
1 40376U 15003A   26142.57529940  .00000260  00000+0  59473-4 0  9994
2 40376  98.1282 150.0333 0001286  84.9396 275.1953 14.63340455603874
GONETS-M 11             
1 40552U 15020A   26142.65161557  .00000131  00000+0  87559-3 0  9996
2 40552  82.4881  46.9015 0017370  58.6056 301.6720 12.42876524505563
GONETS-M 12             
1 40553U 15020B   26142.62539574  .00000223  00000+0  15415-2 0  9995
2 40553  82.4914  48.0349 0016288  44.4827 315.7558 12.42891100505551
GONETS-M 13             
1 40554U 15020C   26142.59844528  .00000157  00000+0  10651-2 0  9993
2 40554  82.4877  46.6743 0014736  30.6243 329.5694 12.42869645505527
DMC3-FM1                
1 40715U 15032A   26142.61281892 -.00000086  00000+0 -39735-5 0  9997
2 40715  97.6489   8.7866 0006606 126.3726 233.8101 14.85704427586113
DMC3-FM2                
1 40716U 15032B   26142.56761348 -.00000065  00000+0 -15642-5 0  9999
2 40716  97.6541  10.2990 0006941 132.8802 227.2997 14.85707795586108
DMC3-FM3                
1 40717U 15032C   26142.59076578  .00000454  00000+0  58304-4 0  9998
2 40717  97.6593  12.0579 0006239 131.3443 228.8311 14.85699406586111
CARBONITE 1 (CBNT-1)    
1 40718U 15032D   26142.61990770  .00000710  00000+0  92315-4 0  9996
2 40718  97.6505 321.7602 0015145  24.2378 335.9545 14.83495611585551
DEORBITSAIL             
1 40719U 15032E   26142.53720341  .00005715  00000+0  42335-3 0  9999
2 40719  97.5933 359.8545 0011748 329.2434  30.8102 15.03457669587398
2015-049G               
1 40905U 15049G   26142.60685229  .00033221  00000+0  34876-3 0  9991
2 40905  97.4580 185.1808 0003031 316.3315  43.7703 15.64293706592444
LILACSAT-2              
1 40908U 15049K   26142.59440813  .00014540  00000+0  25631-3 0  9992
2 40908  97.4677 178.4773 0006505   4.3096 355.8210 15.50500215591786
COSMOS 2507 (RODNIK-S *)
1 40920U 15050A   26142.55450215  .00000046  00000+0  26369-3 0  9996
2 40920  82.4910  95.6282 0011065  48.9727 311.2308 12.42925935483671
COSMOS 2508 (RODNIK-S *)
1 40921U 15050B   26142.58975831  .00000184  00000+0  12567-2 0  9993
2 40921  82.4863  94.1211 0015544  78.8171 281.4655 12.42913611483666
COSMOS 2509 (RODNIK-S *)
1 40922U 15050C   26142.60946087  .00000144  00000+0  96957-3 0  9990
2 40922  82.4871  94.2084 0015782  94.6972 265.5910 12.42883120483707
LQSAT                   
1 40958U 15057A   26142.59325573  .00000142  00000+0  27064-4 0  9997
2 40958  97.6680 137.2381 0017176   1.1213 359.0034 14.76744866571537
LINGQIAO VIDEO A        
1 40959U 15057B   26142.62455709  .00000801  00000+0  11935-3 0  9998
2 40959  97.6623 138.6898 0016831 358.2447   1.8702 14.77352259571632
LINGQIAO VIDEO B        
1 40960U 15057C   26142.60306767  .00000273  00000+0  45069-4 0  9996
2 40960  97.6588 139.8397 0016984 358.3467   1.7685 14.77455739571673
JILIN-1                 
1 40961U 15057D   26142.62796807  .00000559  00000+0  83853-4 0  9997
2 40961  97.6508 143.2654 0016685 352.3504   7.7450 14.78110842571833
FOX-1A (AO-85)          
1 40967U 15058D   26142.32627408  .00002427  00000+0  22513-3 0  9992
2 40967  64.7763 359.3424 0129334  66.7463 294.7204 14.90800157109716
SINOD-D 1               
1 40968U 15058E   26142.53862728  .00003457  00000+0  28350-3 0  9991
2 40968  64.7761 339.2215 0117861  63.3760 297.9371 14.95684972112821
ELEKTRO-L 2             
1 41105U 15074A   26142.58647259 -.00000124  00000+0  00000+0 0  9995
2 41105   6.6322  70.8301 0001471 258.0310 107.9766  1.00271556 38254
DAMPE                   
1 41173U 15078A   26142.60889088  .00000977  00000+0  35465-4 0  9998
2 41173  97.4564 147.9522 0012326 158.5967 201.5792 15.30711302580639
ORBCOMM FM114           
1 41179U 15081A   26142.22716924  .00000147  00000+0  67323-4 0  9991
2 41179  47.0032 124.7361 0001362  61.8431 298.2593 14.58823153553965
ORBCOMM FM110           
1 41182U 15081D   26142.62676791  .00000514  00000+0  14513-3 0  9996
2 41182  47.0005 122.2947 0003881 309.4421  50.6121 14.58833895553893
ORBCOMM FM112           
1 41184U 15081F   26142.39210724  .00000456  00000+0  13273-3 0  9999
2 41184  47.0007  32.2197 0002440  83.8155 276.3009 14.58859484555189
ORBCOMM FM113           
1 41185U 15081G   26142.02556795  .00000225  00000+0  83843-4 0  9996
2 41185  47.0020  34.3169 0001008  76.5315 283.5683 14.58824705555112
ORBCOMM FM108           
1 41187U 15081J   26141.44023227  .00000356  00000+0  11171-3 0  9991
2 41187  47.0055 308.6522 0001909  79.5145 280.5956 14.58827638556171
ORBCOMM FM117           
1 41188U 15081K   26142.50150448  .00000366  00000+0  11382-3 0  9991
2 41188  47.0018 302.2764 0002390  94.0536 266.0623 14.58826571556377
ORBCOMM FM116           
1 41189U 15081L   26142.41366352  .00000438  00000+0  12885-3 0  9994
2 41189  47.0035  32.4802 0002075 305.5411  54.5282 14.58837146555172
CHUBUSAT-2              
1 41338U 16012B   26142.35006510  .00004077  00000+0  17637-3 0  9998
2 41338  30.9968 130.9040 0008816 176.0931 183.9780 15.20581433564488
CHUBUSAT-3              
1 41339U 16012C   26142.37100605  .00003255  00000+0  14956-3 0  9999
2 41339  31.0031 139.7403 0009100 163.3827 196.7113 15.18310716564272
HORYU-4                 
1 41340U 16012D   26142.47283807  .00159443  00000+0  77702-3 0  9997
2 41340  30.9879 265.5545 0003810 104.7270 255.3811 15.80790696566727
ZIYUAN 3-02 (ZY 3-02)   
1 41556U 16033A   26142.60385052  .00003898  00000+0  17754-3 0  9992
2 41556  97.3833 218.8684 0013314  25.6658 334.5236 15.21191132554092
CARTOSAT-2C             
1 41599U 16040A   26142.63722287  .00006272  00000+0  30043-3 0  9990
2 41599  97.4491 202.9636 0008915 216.3699 143.6931 15.19259868549831
LAPAN-A3                
1 41603U 16040E   26142.60403760  .00002440  00000+0  78947-4 0  9994
2 41603  97.1489 139.5953 0012231 104.9228 255.3370 15.32921908550896
GAOFEN-3                
1 41727U 16049A   26142.62220825 -.00000063  00000+0 -60069-5 0  9999
2 41727  98.4019 150.7944 0000934  86.9950 273.1346 14.42211091514963
PRATHAM                 
1 41783U 16059A   26142.46432739  .00000470  00000+0  91320-4 0  9996
2 41783  97.8322 140.4534 0029938 302.1767  57.6535 14.67156259515743
ALSAT-1N                
1 41789U 16059G   26142.57747781  .00000467  00000+0  86927-4 0  9993
2 41789  97.8008 147.0696 0024320 270.3763  89.4656 14.69259485516244
CAS-2T & KS-1Q          
1 41847U 16066G   26142.12812883  .00000790  00000+0  12039-3 0  9994
2 41847  98.3826 218.1602 0341534 208.4552 149.7616 14.44604179501031
YUNHAI-1 01             
1 41857U 16068A   26142.32615954  .00000349  00000+0  14436-3 0  9992
2 41857  98.5839 153.5743 0006576 105.9008 254.2901 14.32719759498129
RESOURCESAT-2A          
1 41877U 16074A   26142.59238683  .00000380  00000+0  19336-3 0  9999
2 41877  98.7523 216.3048 0002931 132.3394 227.8032 14.21608634490661
TANSAT                  
1 41898U 16081A   26142.61598372  .00000135  00000+0  38632-4 0  9996
2 41898  98.5369 142.1195 0021339  31.3226 328.9239 14.59925276500898
JILIN-1 03              
1 41914U 17002B   26142.57509609  .00010370  00000+0  25435-3 0  9997
2 41914  97.1960 150.0339 0003615 258.1824 101.9017 15.40885576517910
CARTOSAT-2D             
1 41948U 17008A   26142.60380785  .00005047  00000+0  24246-3 0  9990
2 41948  97.4114 202.3840 0003852 345.9751  14.1376 15.19277233513691
CARTOSAT-2E             
1 42767U 17036C   26142.62131887  .00002543  00000+0  12384-3 0  9998
2 42767  97.4284 202.8418 0003936  51.7547 308.4042 15.19252682494264
D-SAT                   
1 42794U 17036AF  26142.56849794  .00004356  00000+0  20804-3 0  9994
2 42794  97.5550 121.5616 0080363 250.0948 109.1613 15.16736467486970
IRIDIUM 113             
1 42803U 17039A   26142.49577900 -.00000011  00000+0 -10825-4 0  9996
2 42803  86.3959 332.9228 0002189  91.9785 268.1662 14.34217158467506
NORSAT 2                
1 42828U 17042D   26142.44684247  .00007941  00000+0  35705-3 0  9995
2 42828  97.4034 316.3090 0010811 137.5333 222.6741 15.21338796483825
TECHNOSAT               
1 42829U 17042E   26142.31706695  .00002932  00000+0  21138-3 0  9994
2 42829  97.4265 300.9669 0017880 178.1709 181.9586 15.04777420482818
FLYING LAPTOP           
1 42831U 17042G   26142.58739094  .00002764  00000+0  22063-3 0  9996
2 42831  97.4582 299.1260 0018017 207.8236 152.2027 15.00956005482610
WNISAT 1R               
1 42835U 17042L   26142.43816282  .00001758  00000+0  13987-3 0  9996
2 42835  97.4812 299.4862 0009530 247.8664 112.1550 15.01628136482641
LEMUR-2-GREENBERG       
1 42837U 17042N   26142.46449458  .00012309  00000+0  42003-3 0  9993
2 42837  97.3818 323.2267 0010403  98.0147 262.2275 15.30424562484457
LEMUR-2-FURIAUS         
1 42840U 17042R   26142.24334962  .00012292  00000+0  43478-3 0  9994
2 42840  97.3772 321.0220 0008454 148.9860 211.1881 15.29272749484244
CORVUS BC2              
1 42846U 17042X   26142.41843790  .00001993  00000+0  14024-3 0  9994
2 42846  97.4041 304.7778 0012773 193.9168 166.1709 15.06101265483185
CORVUS BC1              
1 42847U 17042Y   26142.41597845  .00002366  00000+0  16498-3 0  9994
2 42847  97.4073 305.5724 0012179 170.1582 189.9887 15.06272741483210
VRSS-2                  
1 42954U 17060A   26142.58350260  .00000360  00000+0  52672-4 0  9996
2 42954  97.6524 181.4620 0016917 178.4589 181.6679 14.81144546464669
MOHAMMED VI-A           
1 43005U 17070A   26142.60444233  .00000264  00000+0  44505-4 0  9991
2 43005  97.9556 215.2863 0001615 102.5606 257.5785 14.77099272460204
FENGYUN 3D              
1 43010U 17072A   26142.63543385 -.00000043  00000+0  13866-5 0  9993
2 43010  99.0120 116.5989 0002451 104.9690 255.1757 14.19732556441364
CZ-4C R/B               
1 43012U 17072C   26142.52469367  .00000274  00000+0  64332-4 0  9998
2 43012  98.5769 249.6871 0121569 230.5834 128.4552 14.58752605452890
NOAA 20 (JPSS-1)        
1 43013U 17073A   26142.55570707  .00000038  00000+0  39226-4 0  9996
2 43013  98.7764  82.2475 0001170  41.0457 319.0807 14.19506327440837
MAKERSAT 0              
1 43016U 17073D   26142.11137876  .00018940  00000+0  52728-3 0  9999
2 43016  97.4656  24.4439 0109896   6.9486 353.3247 15.30901269462471
RADFXSAT (FOX-1B)       
1 43017U 17073E   26142.07560473  .00007059  00000+0  30968-3 0  9999
2 43017  97.4738   9.8308 0153566  59.1884 302.4358 15.12182480461440
JILIN-1 04              
1 43022U 17074A   26142.58475537  .00010419  00000+0  24882-3 0  9990
2 43022  97.4831 251.5328 0002517 288.2739  71.8234 15.41711584470323
JILIN-1 05              
1 43023U 17074B   26142.61014177  .00006398  00000+0  20051-3 0  9999
2 43023  97.4839 248.4307 0004180 332.1967  27.9051 15.33428494470082
JILIN-1 06              
1 43024U 17074C   26142.57976095  .00004888  00000+0  15403-3 0  9998
2 43024  97.4767 245.4391 0006097 342.4517  17.6514 15.33372205469915
IRIDIUM 116             
1 43072U 17083C   26142.47040728 -.00000001  00000+0 -74809-5 0  9997
2 43072  86.3952 332.7580 0001819  82.3317 277.8086 14.34218194440487
IRIDIUM 130             
1 43073U 17083D   26142.50846123  .00000002  00000+0 -62850-5 0  9998
2 43073  86.3959 333.0148 0002048  82.0141 278.1288 14.34217723440436
LKW-2                   
1 43080U 17084A   26142.58868194  .00007434  00000+0  29208-3 0  9990
2 43080  97.1203 183.5860 0001907  30.1547 329.9802 15.25957849467787
SUPERVIEW-1 03          
1 43099U 18002A   26142.60980791  .00011070  00000+0  28442-3 0  9992
2 43099  97.3126 227.5045 0046144 272.7280  86.8684 15.38353187464432
CARTOSAT-2F             
1 43111U 18004A   26142.58703234  .00005413  00000+0  26008-3 0  9991
2 43111  97.4792 202.4689 0001212  45.0135 315.1198 15.19244306463449
LKW-3                   
1 43146U 18006A   26142.62988681  .00009704  00000+0  29109-3 0  9999
2 43146  97.6596 302.2210 0003886  55.9679 304.1932 15.34682908464796
ASNARO-2                
1 43152U 18007A   26142.61805904  .00007233  00000+0  31587-3 0  9990
2 43152  97.3987 149.9439 0001835  84.7741 275.3705 15.22415121463520
JILIN-1 07              
1 43159U 18008E   26142.59557591  .00007114  00000+0  21664-3 0  9994
2 43159  97.1788 163.2144 0009639 140.1043 220.0910 15.34240718461072
JILIN-1 08              
1 43160U 18008F   26142.58000528  .00006384  00000+0  20033-3 0  9995
2 43160  97.1817 162.5408 0007039 150.3007 209.8637 15.33346738461021
LEMUR-2-KADI            
1 43184U 18014E   26142.26302691  .00445232  77656-4  14133-2 0  9997
2 43184  97.4420  72.3273 0005070 127.9192 232.2540 15.91163688456961
S-NET D                 
1 43186U 18014G   26142.59716597  .00003765  00000+0  19713-3 0  9994
2 43186  97.5377  47.5499 0010051 104.1939 256.0411 15.16394169454887
S-NET B                 
1 43187U 18014H   26142.60812116  .00004089  00000+0  21393-3 0  9998
2 43187  97.5384  47.5465 0010741 100.5186 259.7257 15.16364218454889
S-NET A                 
1 43188U 18014J   26142.59617478  .00003768  00000+0  19724-3 0  9999
2 43188  97.5394  47.7384 0010633 101.1626 259.0803 15.16401433454880
S-NET C                 
1 43189U 18014K   26142.61186272  .00004150  00000+0  21707-3 0  9996
2 43189  97.5411  47.8251 0012046  95.0930 265.1678 15.16355331453437
PAZ                     
1 43215U 18020A   26142.61598058  .00001694  00000+0  83833-4 0  9991
2 43215  97.4453 150.3655 0001683  87.6598 272.4829 15.19149263457129
GOES 17                 
1 43226U 18022A   26142.57165252 -.00000190  00000+0  00000+0 0  9997
2 43226   0.8749  86.0467 0000470 329.9000 300.5575  1.00271117 30167
LKW-4                   
1 43236U 18025A   26141.99197701  .00029645  00000+0  36683-3 0  9995
2 43236  97.6343 310.8606 0002711  60.1658 299.9868 15.60057943455941
ZHUHAI-1 OVS-02         
1 43440U 18040B   26142.63845975  .00005312  00000+0  21786-3 0  9997
2 43440  97.0406 161.3892 0003704  24.3253 335.8160 15.24634217448823
ZHUHAI-1 OHS-02         
1 43441U 18040C   26142.63760373  .00005801  00000+0  23179-3 0  9997
2 43441  97.0391 168.3025 0008026 333.1557  26.9266 15.25456226110387
GAOFEN-6                
1 43484U 18048A   26142.59182367  .00000395  00000+0  63572-4 0  9993
2 43484  97.7762 206.2120 0010535 256.9110 103.0925 14.76596581429618
LUOJIA-1 01             
1 43485U 18048B   26142.60768958  .00001031  00000+0  12066-3 0  9991
2 43485  97.8098 221.2079 0008425 196.8057 163.2881 14.87172414430415
PAKTES 1A               
1 43529U 18056A   26142.57258728  .00002284  00000+0  19338-3 0  9994
2 43529  98.1243 297.9714 0021718 190.5175 169.5595 14.98937740428082
PRSS-1                  
1 43530U 18056B   26142.60008404  .00000559  00000+0  76958-4 0  9999
2 43530  97.7820 211.1774 0001821  88.5605 271.5817 14.81941599424649
HAIYANG-1C              
1 43609U 18068A   26142.64068171  .00000214  00000+0  91861-4 0  9998
2 43609  98.5189 215.3167 0011126 164.1922 195.9612 14.34170547403427
SSTL S1-4               
1 43618U 18071A   26142.60761459  .00001153  00000+0  10720-3 0  9994
2 43618  97.5063  15.2813 0001431  77.1457 282.9924 14.96187910419112
HAIYANG-2B              
1 43655U 18081A   26142.62937686  .00000065  00000+0  10648-3 0  9995
2 43655  99.3294 151.7715 0001422  38.5166 321.6087 13.79307115381406
CZ-4B R/B               
1 43656U 18081B   26142.26055871  .00000123  00000+0  54320-4 0  9994
2 43656  99.3690  58.1169 0204500 341.7477  17.6438 14.31853975395592
CFOSAT                  
1 43662U 18083A   26142.62219148  .00002640  00000+0  13877-3 0  9999
2 43662  97.3611 147.9073 0001366  63.9937 296.1437 15.16521072418560
TEN-KOH                 
1 43677U 18084G   26142.49028900  .00001762  00000+0  13656-3 0  9994
2 43677  98.0751 333.7727 0009188 200.3481 159.7378 15.02798985412309
DIWATA-2B               
1 43678U 18084H   26142.62732833  .00002060  00000+0  16934-3 0  9991
2 43678  98.1123 337.7353 0011618 258.2660 101.7259 15.00312511412383
STARS-AO                
1 43679U 18084J   26142.54493482  .00004658  00000+0  24144-3 0  9994
2 43679  98.0529 354.9384 0000836 216.6023 143.5152 15.16726011413589
AUTCUBE 2               
1 43681U 18084K   26142.51890924  .00003149  00000+0  19860-3 0  9999
2 43681  98.0734 347.3336 0010166 125.3187 234.8993 15.09886765413051
METOP-C                 
1 43689U 18087A   26142.58774124  .00000064  00000+0  49282-4 0  9995
2 43689  98.6657 202.6572 0000655 150.0581 210.0634 14.21504244391199
ES'HAIL 2               
1 43700U 18090A   26142.52292678  .00000136  00000+0  00000+0 0  9996
2 43700   0.0139  17.0813 0001417  72.9056   4.2040  1.00271504 27426
MOHAMMED VI-B           
1 43717U 18095A   26142.63838998  .00001045  00000+0  15522-3 0  9991
2 43717  97.9555 215.3139 0001222  82.8031 277.3318 14.77080766404417
HYSIS                   
1 43719U 18096A   26142.63230147  .00001278  00000+0  18164-3 0  9999
2 43719  97.9841 209.5787 0001116 115.2137 244.9190 14.78635347403645
COSMOS 2530 (RODNIK-S *)
1 43751U 18097A   26142.61756523  .00000033  00000+0  16204-3 0  9996
2 43751  82.5150 238.1473 0020779  92.9186 267.4272 12.42880725339117
COSMOS 2531 (RODNIK-S *)
1 43752U 18097B   26142.64047343 -.00000038  00000+0 -34894-3 0  9995
2 43752  82.5196 239.1830 0017995 110.7809 249.5200 12.42912067339132
COSMOS 2532 (RODNIK-S *)
1 43753U 18097C   26142.58818875  .00000103  00000+0  67150-3 0  9997
2 43753  82.5141 238.0130 0019361 112.9277 247.3848 12.42909259339094
MINXSS-2                
1 43758U 18099A   26142.46019703  .00025072  00000+0  53205-3 0  9992
2 43758  97.4538 218.0269 0006510   8.2118 351.9236 15.45015851410150
SIRION PATHFINDER-2     
1 43759U 18099B   26142.54515545  .00003888  00000+0  21583-3 0  9992
2 43759  97.4271 192.2147 0009557  39.0095 321.1825 15.14280626408748
AISTECHSAT 2            
1 43768U 18099L   26142.59937410  .00004231  00000+0  22908-3 0  9991
2 43768  97.4311 191.1965 0005599  46.0279 314.1414 15.15149571408406
FOX-1CLIFF (AO-95)      
1 43770U 18099N   26142.11769749  .00008845  00000+0  34550-3 0  9991
2 43770  97.4394 202.4703 0010378  84.2897 275.9524 15.26069094409249
2018-099Q               
1 43772U 18099Q   26142.63194202  .00184425  00000+0  11634-2 0  9992
2 43772  97.4177 222.0943 0004579 243.2855 116.7942 15.76101314410628
RANGE-A                 
1 43773U 18099R   26142.58797720  .00003585  00000+0  20559-3 0  9995
2 43773  97.3984 185.9185 0012059  79.2921 280.9667 15.13132641408625
SNUSAT-2                
1 43782U 18099AA  26142.62071249  .00006713  00000+0  30187-3 0  9995
2 43782  97.4073 196.4033 0010889  34.9675 325.2274 15.21391179409144
SNUGLITE                
1 43784U 18099AC  26142.38817973  .00008485  00000+0  32736-3 0  9992
2 43784  97.3884 196.9318 0003555  51.3497 308.8060 15.26535258409382
ITASAT                  
1 43786U 18099AE  26142.59194185  .00005104  00000+0  24879-3 0  9994
2 43786  97.4045 194.6189 0014318  84.3341 275.9526 15.18677986409026
EAGLET-I                
1 43790U 18099AJ  26142.58772006  .00002732  00000+0  15936-3 0  9990
2 43790  97.4248 192.9363 0012798  77.4151 282.8511 15.12713273408465
ESEO                    
1 43792U 18099AL  26142.56925671  .00001072  00000+0  81326-4 0  9991
2 43792  97.3999 181.0538 0013725  65.6711 294.5947 15.04160173407956
THEA                    
1 43796U 18099AQ  26142.51013205  .00014566  00000+0  44406-3 0  9990
2 43796  97.4449 211.9699 0007411  29.1215 331.0439 15.34032783408751
ASTROCAST 0.1           
1 43798U 18099AS  26142.47966745  .00026029  00000+0  50483-3 0  9992
2 43798  97.4378 220.2105 0003327 314.2536  45.8440 15.47654974410453
JY1SAT (JO-97)          
1 43803U 18099AX  26142.12019904  .00012996  00000+0  41339-3 0  9995
2 43803  97.4140 204.8803 0005422  21.3250 338.8217 15.32718687409638
SUOMI-100               
1 43804U 18099AY  26142.14396623  .00009109  00000+0  33836-3 0  9999
2 43804  97.4201 202.6450 0010083  22.8466 337.3220 15.27735795409445
CENTAURI-1              
1 43809U 18099BD  26142.40188772  .00004008  00000+0  21117-3 0  9999
2 43809  97.4237 194.6783 0015604  62.2749 298.0065 15.16061872408595
GLOBAL-2                
1 43812U 18099BG  26142.53810717  .00001921  00000+0  12706-3 0  9993
2 43812  97.3571 180.1193 0004491 231.1963 128.8865 15.08497349408042
SEAHAWK-1               
1 43820U 18099BQ  26142.37395188  .00006728  00000+0  29455-3 0  9993
2 43820  97.3973 195.2597 0009250  50.3083 309.8967 15.22320887408608
SAUDISAT 5A             
1 43831U 18102A   26142.62314507  .00003999  00000+0  15011-3 0  9994
2 43831  97.3077 204.7001 0008732 215.7063 144.3594 15.27747259411771
SAUDISAT 5B             
1 43833U 18102C   26142.64640971  .00003677  00000+0  13711-3 0  9993
2 43833  97.3182 207.7463 0009381 218.7934 141.2634 15.28019170411895
2018-102D               
1 43834U 18102D   26142.58463553  .00055896  00000+0  59931-3 0  9990
2 43834  97.3434 230.6387 0005464 156.4462 203.7048 15.63637490413242
ISAT                    
1 43879U 18111D   26142.55265603  .00068233  00000+0  81997-3 0  9998
2 43879  97.5897  75.8950 0006865  63.7319 296.4642 15.60623314407168
UWE-4                   
1 43880U 18111E   26142.24782649  .00023332  00000+0  50631-3 0  9992
2 43880  97.5858  69.4783 0010157  67.2531 292.9789 15.44339269406778
D-STAR ONE (SPARROW)    
1 43881U 18111F   26142.26622869  .00088197  00000+0  81385-3 0  9992
2 43881  97.6123  80.7952 0007131  93.7949 266.4127 15.67289831407300
JILIN-1 09              
1 43943U 19005B   26142.57814527  .00003358  00000+0  15797-3 0  9992
2 43943  97.4722 237.7665 0002956 147.6769 212.4648 15.20253305405253
JILIN-1 10              
1 43946U 19005E   26142.61159593  .00004508  00000+0  18126-3 0  9992
2 43946  97.4764 241.4248 0008328  20.4852 339.6719 15.25403886405416
EGYPTSAT-A (MISRSAT-A)  
1 44047U 19008A   26142.58939985  .00000333  00000+0  60486-4 0  9994
2 44047  98.0041 207.7251 0001204  80.6986 279.4358 14.72272551389476
EMISAT                  
1 44078U 19018A   26142.63912770  .00000290  00000+0  98279-4 0  9991
2 44078  98.4652 201.5771 0017378 296.8684  63.0730 14.43674184376378
JILIN-1 GAOFEN 3A       
1 44312U 19032C   26142.46489566  .00008756  00000+0  28756-3 0  9998
2 44312  44.9731 138.4354 0004090 166.5043 193.5951 15.31988048383891
WT 1B                   
1 44316U 19032G   26142.55385832  .00007987  00000+0  30967-3 0  9995
2 44316  44.9726 200.7988 0007536 104.5545 255.6174 15.26633476383165
PROX-1                  
1 44339U 19036A   26142.47976574  .00010203  00000+0  10053-2 0  9992
2 44339  23.9956 285.8912 0006721  92.3343 267.7926 14.89922431369633
NPSAT1                  
1 44340U 19036B   26142.33217793  .00003900  00000+0  53972-3 0  9994
2 44340  24.0001  26.1133 0007574 278.1619  81.8017 14.74303564368679
FORMOSAT 7-3            
1 44343U 19036E   26142.27528809  .00003478  00000+0  19006-3 0  9993
2 44343  24.0005 356.8521 0000729   1.3630 358.6875 15.09577277379328
FORMOSAT 7-1            
1 44349U 19036L   26142.24169250  .00001718  00000+0  12201-3 0  9992
2 44349  23.9968 207.2967 0000516 208.2939 151.7534 14.96382718380760
FORMOSAT 7-4            
1 44350U 19036M   26141.66393924  .00001751  00000+0  12491-3 0  9994
2 44350  23.9984 273.2962 0000818 231.4859 128.5568 14.96375921380095
FORMOSAT 7-2            
1 44351U 19036N   26142.61987669  .00001975  00000+0  14418-3 0  9995
2 44351  23.9994 321.1664 0000313 247.6838 112.3629 14.96377229379758
FORMOSAT 7-6            
1 44353U 19036Q   26142.41970296  .00001679  00000+0  11863-3 0  9995
2 44353  23.9962 143.3297 0001290 147.0729 212.9852 14.96383281377958
FORMOSAT 7-5            
1 44358U 19036V   26142.53041641  .00001849  00000+0  13329-3 0  9994
2 44358  23.9986  81.3319 0000237 195.6772 164.3722 14.96385124378508
METEOR-M2 2             
1 44387U 19038A   26142.60475701 -.00000088  00000+0 -18089-4 0  9999
2 44387  98.9143 129.5148 0002399  86.9811 273.1642 14.24357232357652
COSMOS 2535             
1 44421U 19039A   26142.58884333  .00000511  00000+0  55881-4 0  9991
2 44421  97.5775 171.7317 0006827 304.5615  55.4959 14.91882148372826
GLOBAL-4                
1 44499U 19054E   26142.38696119  .00036149  00000+0  41154-3 0  9997
2 44499  45.0078  24.9770 0004660 182.8101 177.2770 15.61685440376324
ZY-1 02D                
1 44528U 19059A   26142.62714943  .00000349  00000+0  13605-3 0  9991
2 44528  98.3193 205.0151 0001403 145.8192 214.3085 14.35451832350670
TAURUS-1 (JINNIUZUO 1)  
1 44530U 19059C   26142.61525865  .00005522  00000+0  89205-3 0  9993
2 44530  98.6405 305.8654 0008889  40.9428 319.2443 14.71779848354881
ZHUHAI-1 03B            
1 44536U 19060C   26142.67296818  .00023662  00000+0  38649-3 0  9991
2 44536  97.5511 299.0958 0009086  57.0728 303.1397 15.52521336372366
ZHUHAI-1 03C            
1 44537U 19060D   26142.61445190  .00526394  12717-3  92391-3 0  9991
2 44537  97.5399 312.2836 0006862 286.8327  73.2199 16.02041523373176
ZHUHAI-1 03D            
1 44538U 19060E   26142.57713176  .00025445  00000+0  48480-3 0  9998
2 44538  97.5369 291.3420 0007629  45.0264 315.1604 15.48149229372110
ZHUHAI-1 03E            
1 44539U 19060F   26142.65277946  .00013887  00000+0  34828-3 0  9996
2 44539  97.5587 291.7376 0007280 113.4620 246.7391 15.40128746371839
ATLAS 5 CENTAUR DEB     
1 44694U 18079BG  26141.77898718 -.00000092  00000+0  00000+0 0  9991
2 44694  13.5966  41.4444 4727276 295.0001  23.7443  1.77431508 46090
GAOFEN-7                
1 44703U 19072A   26142.61531344  .00002981  00000+0  13542-3 0  9996
2 44703  97.2438 205.0404 0018059 122.9353 237.3623 15.21374012363752
JILIN-1 GAOFEN 2A       
1 44777U 19075A   26142.58146069  .00012245  00000+0  32381-3 0  9998
2 44777  97.4959 225.7884 0007128 163.2474 196.9007 15.38532190360946
NINGXIA-1 1             
1 44779U 19076A   26142.67123828 -.00000097  00000+0  21166-4 0  9992
2 44779  45.0063 293.8778 0010574  34.8981 325.2545 14.02036085334279
NINGXIA-1 5             
1 44783U 19076E   26142.61414625 -.00000123  00000+0  47203-5 0  9990
2 44783  45.0064 293.4847 0010512  23.8181 336.3138 14.02083719334187
KL-ALPHA A              
1 44785U 19077A   26142.58951780  .00000200  00000+0  26861-3 0  9997
2 44785  88.9259 225.3615 0011307 172.6254 187.5068 13.56040702322262
CARTOSAT-3              
1 44804U 19081A   26142.60239593  .00004004  00000+0  19297-3 0  9999
2 44804  97.4307 204.8778 0011268 236.6068 123.4089 15.19245909359589
JILIN-1 GAOFEN 2B       
1 44836U 19086A   26142.61394903  .00004906  00000+0  22781-3 0  9990
2 44836  97.4884 214.7704 0015251  54.2474 306.0177 15.20379744356608
TIANQIN 1 (CAS-6)       
1 44879U 19093A   26142.59476582  .00002966  00000+0  27412-3 0  9996
2 44879  97.7802 226.6234 0012487 132.9093 227.3177 14.95296668348225
ETRSS-1                 
1 44880U 19093B   26142.60876769  .00001784  00000+0  16533-3 0  9990
2 44880  97.7817 227.0744 0012411 133.8989 226.3259 14.95700861348231
TIANYAN 01              
1 44881U 19093C   26142.60016042  .00000256  00000+0  35012-4 0  9998
2 44881  97.7530 215.4558 0013790 165.1304 195.0320 14.86468848347616
TIANYAN 02              
1 44882U 19093D   26142.58948987  .00005057  00000+0  36123-3 0  9995
2 44882  97.7924 237.1435 0015622 109.5452 250.7463 15.04859011348762
CBERS 4A                
1 44883U 19093E   26141.88586662  .00000314  00000+0  46427-4 0  9996
2 44883  97.7499 209.9662 0000109 275.6992  84.4208 14.81606269347180
WEILAI 1R               
1 44884U 19093F   26142.58093992  .00004021  00000+0  32408-3 0  9996
2 44884  97.7828 232.4373 0016469 114.0367 246.2582 15.00386977348586
FLORIPASAT-1            
1 44885U 19093G   26142.60645088  .00005607  00000+0  41446-3 0  9992
2 44885  97.7905 236.6555 0012417 152.9890 207.1983 15.03559461348801
SHUNTIAN                
1 44886U 19093H   26142.57498255  .00002434  00000+0  22758-3 0  9991
2 44886  97.7990 230.8700 0012523 145.8712 214.3316 14.95008098348351
2019-093L               
1 44889U 19093L   26142.61031902  .00002161  00000+0  20584-3 0  9993
2 44889  97.7545 221.1759 0012945 132.6044 227.6270 14.94369896347986
ELEKTRO-L 3             
1 44903U 19095A   26142.39053009 -.00000104  00000+0  00000+0 0  9992
2 44903   0.1923  80.2637 0000919 318.4849  57.7958  1.00270734 23458
GONETS-M 14             
1 44905U 19096A   26142.61071696  .00000157  00000+0  10654-2 0  9998
2 44905  82.5218 100.4965 0012440 204.8552 155.1930 12.42869275290508
GONETS-M 15             
1 44906U 19096B   26142.55964812  .00000023  00000+0  96586-4 0  9995
2 44906  82.5238 100.9855 0014028 229.9784 130.0065 12.42870182290468
GONETS-M 16             
1 44907U 19096C   26142.58630829  .00000087  00000+0  55761-3 0  9996
2 44907  82.5184  99.9334 0009671 276.9531  83.0449 12.42890981290459
RS-44 & BREEZE-KM R/B   
1 44909U 19096E   26142.28341702  .00000015  00000+0  18512-4 0  9999
2 44909  82.5228 356.9215 0216998 204.7015 154.3574 12.79748337299033
JILIN-1 KUANFU 01       
1 45016U 20003A   26142.58494483  .00001847  00000+0  11566-3 0  9992
2 45016  97.5030 217.0422 0010585  39.2444 320.9551 15.10558249351469
XINGYUN-2 01            
1 45602U 20028A   26142.59249273  .00001887  00000+0  11459-3 0  9991
2 45602  97.4865 135.5045 0007662 298.7773  61.2687 15.11682472330974
XINGYUN-2 02            
1 45603U 20028B   26142.56662568  .00001746  00000+0  10706-3 0  9993
2 45603  97.5074 149.0111 0011287   9.0361 351.1070 15.11416561330966
HAIYANG-1D              
1 45721U 20036A   26142.57793558  .00000066  00000+0  38788-4 0  9993
2 45721  98.4550  84.8162 0001843 201.9032 158.2075 14.34163219311304
M2 PATHFINDER           
1 45727U 20037E   26142.04381160  .00000992  00000+0  75327-4 0  9992
2 45727  97.8155 332.9836 0010088 236.9806 123.0451 15.04543484321568
GAOFEN DUOMO (GFDM)     
1 45856U 20042A   26142.59698844  .00000871  00000+0  13088-3 0  9992
2 45856  97.7752 203.4122 0011629 149.0442 211.1457 14.76839854317236
ZIYUAN 3-03 (ZY 3-03)   
1 45939U 20051A   26142.59936661  .00006765  00000+0  30526-3 0  9990
2 45939  97.2835 211.1502 0005631  48.7335 311.4386 15.21300858323459
NEMO-HD                 
1 46277U 20061F   26142.60005193  .00008138  00000+0  18036-3 0  9994
2 46277  97.1931 204.8200 0002712 111.7582 248.3956 15.44011786318030
3CAT-5A                 
1 46292U 20061W   26142.60417355  .00013227  00000+0  28027-3 0  9994
2 46292  97.2416 205.5411 0002069 158.4242 201.7095 15.45210224317073
3CAT-5B                 
1 46293U 20061X   26142.60982616  .00014601  00000+0  29574-3 0  9997
2 46293  97.2412 206.4798 0002201 162.6102 197.5223 15.46511795317105
NAPA-1                  
1 46320U 20061BA  26142.60694617  .00055057  00000+0  57065-3 0  9995
2 46320  97.2476 216.0118 0001778 139.0012 221.1382 15.64520558317731
JILIN-1 GAOFEN 3E       
1 46457U 20065D   26142.59770896  .00042850  00000+0  51896-3 0  9995
2 46457  97.2276 194.6712 0010356 244.4415 115.5772 15.60487106315768
JILIN-1 GAOFEN 3F       
1 46458U 20065E   26142.58163080  .00037529  00000+0  49566-3 0  9994
2 46458  97.2232 192.1039 0012007 233.5513 126.4637 15.58195470315712
JILIN-1 GAOFEN 3G       
1 46459U 20065F   26142.57100234  .00068619  00000+0  65150-3 0  9997
2 46459  97.2306 198.5086 0012606 142.0363 218.1789 15.66578042315928
JILIN-1 GAOFEN 3H       
1 46460U 20065G   26142.62135058  .00057016  00000+0  60273-3 0  9997
2 46460  97.2249 195.0261 0008397  92.3606 267.8615 15.63968472315883
HAIYANG-2C              
1 46469U 20066A   26142.64572549 -.00000111  00000+0 -26593-4 0  9993
2 46469  65.9980 278.8754 0009834 239.4284 120.5814 13.83371847285961
HJ-2A                   
1 46478U 20067A   26142.61743929  .00000411  00000+0  66109-4 0  9991
2 46478  97.8821 221.5923 0003524  14.0925 346.0383 14.76574372304487
HJ-2B                   
1 46479U 20067B   26142.58614486  .00000961  00000+0  14506-3 0  9996
2 46479  97.8884 222.5642 0001200  78.2528 281.8817 14.76521225304483
GONETS-M 17             
1 46486U 20068A   26142.61108611  .00000054  00000+0  31649-3 0  9997
2 46486  82.5001   3.4156 0023433  90.5114 269.8651 12.42872371255983
GONETS-M 18             
1 46487U 20068B   26142.57474215  .00000159  00000+0  10727-2 0  9998
2 46487  82.4954   2.5658 0020755  87.0558 273.2897 12.42872171255961
GONETS-M 19             
1 46488U 20068C   26142.63103402  .00000038  00000+0  20436-3 0  9998
2 46488  82.4979   2.9765 0014400 100.7866 259.4836 12.42891492256076
DEKART                  
1 46493U 20068H   26142.55652503  .00009676  00000+0  27219-3 0  9999
2 46493  97.8753 150.0046 0009623  28.4842 331.6925 15.36680587311835
NORBI                   
1 46494U 20068J   26142.62156311  .00017686  00000+0  34884-3 0  9990
2 46494  97.8646 156.3567 0006221  10.4717 349.6660 15.47242156312257
SALSAT                  
1 46495U 20068K   26142.23979465  .00005860  00000+0  20838-3 0  9996
2 46495  97.8860 143.7343 0010880  42.6805 317.5277 15.29366275311390
ICEYE-X6                
1 46497U 20068M   26142.58466725  .00002334  00000+0  17208-3 0  9996
2 46497  98.0980 135.0371 0007485 164.1020 196.0441 15.04367152309386
NETSAT-4                
1 46504U 20068U   26142.45062220  .00013720  00000+0  31406-3 0  9990
2 46504  97.8618 148.6429 0007194  65.3132 294.8862 15.42904821311803
NETSAT-3                
1 46505U 20068V   26142.24209332  .00013778  00000+0  32853-3 0  9995
2 46505  97.8667 146.6680 0007321  79.1626 281.0444 15.41674709311686
NETSAT-1                
1 46506U 20068W   26142.24389902  .00009815  00000+0  30143-3 0  9995
2 46506  97.8756 141.3017 0006974  98.9217 261.2814 15.33929413311328
NETSAT-2                
1 46507U 20068X   26142.45923827  .00016983  00000+0  36455-3 0  9995
2 46507  97.8631 148.4581 0006176  89.0663 271.1292 15.44770640311761
TIANQI-6                
1 46810U 20076D   26142.56733431  .00002335  00000+0  15456-3 0  9997
2 46810  34.9979 205.6810 0010859 300.5922  59.3716 15.06991907304711
KSM1-C                  
1 46906U 20081B   26142.58529522  .00005926  00000+0  22685-3 0  9996
2 46906  36.8930 216.9481 0001952 319.8488  40.2117 15.26273381305253
KSM1-D                  
1 46907U 20081C   26142.61911910  .00005534  00000+0  22483-3 0  9998
2 46907  36.8959 225.2616 0003059  30.1815 329.9110 15.24326713305194
KSM1-A                  
1 46912U 20081H   26142.57559292  .00005525  00000+0  21662-3 0  9998
2 46912  36.8947 219.2090 0002064 123.0663 237.0284 15.25518069305261
R2                      
1 46913U 20081J   26142.58837949  .00005910  00000+0  23483-3 0  9999
2 46913  36.8967 218.9828 0006091  64.4338 295.7040 15.25023779308072
KSM1-B                  
1 46914U 20081K   26142.61909476  .00005360  00000+0  21919-3 0  9990
2 46914  36.9012 225.8062 0004551  62.1123 298.0086 15.24123219308286
GONETS-M 20             
1 47227U 20091A   26142.56905090 -.00000058  00000+0 -49098-3 0  9990
2 47227  82.5035 318.3650 0020137 234.9603 124.9588 12.42892575247895
GONETS-M 21             
1 47228U 20091B   26142.62328403 -.00000062  00000+0 -51673-3 0  9992
2 47228  82.4959 317.0538 0013826 249.2425 110.7174 12.42884930247899
GONETS-M 22             
1 47229U 20091C   26142.59648441 -.00000028  00000+0 -27350-3 0  9993
2 47229  82.5017 317.9572 0021032 230.0730 129.8502 12.42891074247846
CUBEL                   
1 47448U 21006AM  26142.50969013  .00006953  00000+0  17316-3 0  9997
2 47448  97.2350 193.3482 0004835 260.4968  99.5733 15.40548945295805
ARKTIKA-M 1             
1 47719U 21016A   26141.07702687 -.00000132  00000+0  00000+0 0  9994
2 47719  63.2340  61.5559 7278564 269.8154  14.7660  2.00631518 38240
STARLINK-2342           
1 47883U 21021Z   26142.63383154  .00100235  00000+0  14152-2 0  9999
2 47883  53.1470 273.9414 0002197 284.9219  75.1550 15.55794739287898
GRUS-1B                 
1 47934U 21022C   26142.60965274  .00000825  00000+0  72773-4 0  9992
2 47934  97.5397  26.6437 0016897  50.1816 310.0891 14.98908806282062
2021-022F               
1 47937U 21022F   26142.65996811  .00006513  00000+0  20917-3 0  9993
2 47937  97.3912  43.3839 0009875 171.4511 188.6901 15.32590476285800
UNISAT-7                
1 47945U 21022P   26142.16997902  .00010329  00000+0  26323-3 0  9997
2 47945  97.3905  46.8351 0009926 155.3945 204.7776 15.39688168285855
2021-022X               
1 47953U 21022X   26142.60153869  .00072146  00000+0  61171-3 0  9996
2 47953  97.3921  58.1047 0008182 122.2804 237.9251 15.69414910286481
2021-022AC              
1 47958U 21022AC  26141.80524345  .00391109  65947-4  82440-3 0  9994
2 47958  97.3759  62.0190 0009282 133.5377 226.6673 15.98782359285782
GLOBAL-9                
1 47971U 21023G   26142.40867272  .00015119  00000+0  31561-3 0  9992
2 47971  44.9827  35.2973 0003314 182.1271 177.9605 15.45447530290954
AII-BRAVO               
1 48270U 21034C   26142.59570495  .00002308  00000+0  17480-3 0  9995
2 48270  97.5631 198.0934 0005790  12.7946 347.3425 15.03246165275777
TYVAK-182A              
1 48271U 21034D   26142.61751993  .00003668  00000+0  25646-3 0  9996
2 48271  97.5739 201.9823 0007534  68.0701 292.1326 15.05889559275981
CSS (TIANHE)            
1 48274U 21035A   26142.11735104  .00011200  00000+0  13456-3 0  9998
2 48274  41.4679 120.5221 0007455 276.8129  83.1862 15.60736689289094
TYVAK-0130              
1 48606U 21041BF  26142.06755371  .00004196  00000+0  16823-3 0  9993
2 48606  52.9948 147.3500 0011500  86.1488 274.0824 15.27158485276395
HAIYANG-2D              
1 48621U 21043A   26142.62784434  .00000291  00000+0  33792-3 0  9992
2 48621  65.9999   8.3349 0011353 272.3281  87.6488 13.83374910253016
2021-050D               
1 48843U 21050D   26142.64937256  .00005880  00000+0  25261-3 0  9991
2 48843  97.3334 219.2712 0005607  13.9116 346.2275 15.23040247275079
TYVAK-0173              
1 48892U 21059P   26142.20002730  .00001237  00000+0  16067-3 0  9992
2 48892  96.0086 225.0171 0010965 114.0147 246.2219 14.81788991264395
MANDRAKE 2 ABLE         
1 48907U 21059AE  26142.10224049  .00015708  00000+0  24582-3 0  9996
2 48907  97.7047 329.9200 0006295  91.1589 269.0385 15.53829150273075
MANDRAKE 2 BAKER        
1 48908U 21059AF  26142.49324474  .00023336  00000+0  31094-3 0  9994
2 48908  97.7021 333.0383 0004887  89.7499 270.4316 15.58131262273293
PACE-1                  
1 48909U 21059AG  26142.33877063  .00059246  00000+0  39031-3 0  9993
2 48909  97.6802 337.6521 0002258  77.9348 282.2169 15.75484330273727
YAM-3                   
1 48915U 21059AN  26142.47326586  .00009297  00000+0  18020-3 0  9990
2 48915  97.6999 327.7610 0006629  90.6854 269.5155 15.47918200273012
FARADAY_PHOENIX         
1 48924U 21059AX  26142.29695085  .00079959  00000+0  60767-3 0  9990
2 48924  97.6854 337.5777 0004212  80.9593 279.2146 15.72056056273583
DEMO8 (TENZING)         
1 48951U 21059CA  26142.04146567  .00015023  00000+0  23449-3 0  9997
2 48951  97.7041 333.4909 0008327  85.2657 274.9546 15.53895751273245
NAPA-2                  
1 48963U 21059CN  26141.75254156  .00143177  00000+0  54367-3 0  9996
2 48963  97.6760 337.3906 0001350 110.9402 249.2014 15.87240639273609
FENGYUN 3E              
1 49008U 21062A   26142.62217488  .00000191  00000+0  11090-3 0  9999
2 49008  98.7499 146.3157 0002199 130.0320 230.1049 14.19902518252958
ISS (NAUKA)             
1 49044U 21066A   26142.51965853  .00007327  00000+0  13945-3 0  9996
2 49044  51.6330  67.1668 0007537  86.3178 273.8673 15.49313075567541
STARLINK-3100           
1 49144U 21082Q   26142.60472873 -.00002062  00000+0 -16507-3 0  9990
2 49144  69.9997 108.0801 0003345 269.1273  90.9502 14.98333298257050
CUTE                    
1 49263U 21088D   26142.22023414  .00138488  00000+0  72255-3 0  9991
2 49263  97.4172 239.2227 0002750 260.8117  99.2840 15.80499437258436
2021-091B               
1 49316U 21091B   26142.62368858  .00002229  00000+0  11142-3 0  9993
2 49316  97.4480 330.5905 0014741 125.4203 234.8410 15.18404418255107
SDGSAT 1                
1 49387U 21100A   26142.61995215  .00001836  00000+0  88804-4 0  9997
2 49387  97.2644 190.5171 0008918  33.7975 326.3827 15.19776758252038
TEIKYOSAT-4 (OORURI)    
1 49396U 21102B   26142.33351281  .00001092  00000+0  72015-4 0  9998
2 49396  97.3689 172.8218 0012795  29.6985 330.4969 15.09402761248820
Z-SAT                   
1 49399U 21102E   26142.55848618  .00004209  00000+0  20937-3 0  9998
2 49399  97.3343 178.6610 0016008 343.0705  16.9993 15.18046532249558
HIBARI                  
1 49400U 21102F   26142.58872385  .00008429  00000+0  28228-3 0  9991
2 49400  97.3257 188.7924 0009735 293.8514  66.1706 15.31146291250272
KOSEN-1                 
1 49402U 21102H   26142.38222820  .00005342  00000+0  20747-3 0  9993
2 49402  97.3205 185.0457 0012025 302.2083  57.7989 15.26429988250089
GLOBAL-14               
1 49469U 21106A   26142.11719786  .00018793  00000+0  33919-3 0  9992
2 49469  42.0046  85.8521 0016145 208.2802 151.7166 15.49203225254087
GAOFEN-3 02             
1 49495U 21109A   26142.58718068 -.00000034  00000+0  27776-5 0  9993
2 49495  98.4095 151.0478 0003990  72.6159 287.5466 14.42212912236620
GLOBAL-12               
1 49772U 21115BA  26141.68370053  .00016737  00000+0  28054-3 0  9990
2 49772  53.1940 171.8142 0003077   1.9565 358.1457 15.51991104251782
GLOBAL-13               
1 49773U 21115BB  26142.38241467  .00012402  00000+0  26720-3 0  9998
2 49773  53.1958 177.1590 0004014  47.3622 312.7723 15.45019121251772
GLOBAL-17               
1 49949U 21120A   26142.21170930  .00019407  00000+0  33117-3 0  9997
2 49949  41.9938 203.9104 0011779  69.4351 290.7755 15.50841508250866
GLOBAL-16               
1 49950U 21120B   26142.51379958  .00019451  00000+0  35552-3 0  9997
2 49950  41.9940 205.3821 0009919  60.3860 299.7970 15.48913191250864
XW-3 (CAS-9)            
1 50466U 21131B   26142.57752998  .00000547  00000+0  18257-3 0  9997
2 50466  98.4964 235.1076 0004449 159.1394 200.9977 14.41329988231425
ION SCV-004             
1 50993U 22002K   26142.60246567  .00004121  00000+0  14364-3 0  9991
2 50993  97.2849 200.7450 0009168  87.6555 272.5736 15.30159714241381
ETV-A1                  
1 51060U 22002CE  26142.61402317  .00009010  00000+0  22715-3 0  9996
2 51060  97.2886 209.0024 0006792  84.1484 276.0536 15.40079569241905
BRO-5                   
1 51061U 22002CF  26142.62978209  .00021617  00000+0  44712-3 0  9994
2 51061  97.3002 216.1007 0006167  73.2566 286.9360 15.45798811242306
LUDI TANCE 1-01A (L-SA*)
1 51284U 22007A   26142.63489538  .00000397  00000+0  48651-4 0  9998
2 51284  97.8103 150.4180 0001610  90.5101 269.6300 14.88422622234670
LUDI TANCE 1-01B (L-SA*)
1 51822U 22018A   26142.60127105  .00000378  00000+0  46689-4 0  9992
2 51822  97.8088 150.3806 0001599  92.3406 267.7994 14.88412089229902
2022-019D               
1 51827U 22019D   26142.61394400  .00059278  00000+0  55318-3 0  9994
2 51827  97.3662 233.7823 0006308 206.5687 153.5251 15.67119989235690
2022-019J               
1 51832U 22019J   26142.60447679  .00001312  00000+0  63452-4 0  9991
2 51832  97.3434 206.0760 0007593 330.0198  30.0602 15.20318653233913
JILIN-1 GAOFEN 03D15    
1 51839U 22019R   26142.55207787  .00434174  80267-4  97437-3 0  9999
2 51839  97.3628 238.9377 0006995 229.3053 130.7617 15.97690362236032
JILIN-1 GAOFEN 03D12    
1 51841U 22019T   26142.58241184  .00450924  88728-4  92222-3 0  9992
2 51841  97.3606 238.9322 0007565 225.2774 134.7888 15.99352051236047
2022-023F               
1 51951U 22023F   26142.58432007  .00014509  00000+0  58234-3 0  9997
2 51951  63.4473   0.5228 0128155 343.7384  15.9632 15.17912685233820
CZ-4C R/B               
1 52085U 22027B   26142.23735431 -.00000104  00000+0 -91926-5 0  9994
2 52085  63.3913 128.0064 0230268  22.6823 338.4193 13.65477485208496
MERIDIAN 10             
1 52145U 22030A   26142.05038436  .00000204  00000+0  00000+0 0  9992
2 52145  62.6768 143.6010 6776989 272.8752  17.6888  2.00615917 30501
OMNI-L1                 
1 52157U 22033A   26142.46672096  .00001259  00000+0  16280-3 0  9991
2 52157  97.8397 222.1454 0005497  24.7015 335.4460 14.82635434223641
ENMAP                   
1 52159U 22033C   26142.59027367  .00000564  00000+0  91451-4 0  9994
2 52159  97.9783 225.2029 0001457  84.5581 275.5794 14.74963037222882
ARCSAT-1                
1 52161U 22033E   26142.61425340  .00009840  00000+0  15986-3 0  9997
2 52161  97.2738 234.5219 0003213 295.3344  64.7576 15.52912294231739
GLOBAL-18               
1 52196U 22034B   26142.65017129  .00018444  00000+0  39164-3 0  9996
2 52196  52.9831  18.5791 0004892 157.3001 202.8221 15.45091189233013
GAOFEN-3 03             
1 52200U 22035A   26142.62920797 -.00000044  00000+0 -59096-7 0  9993
2 52200  98.4069 151.5806 0000954  83.4905 276.6394 14.42219436217160
DAQI-1                  
1 52257U 22039A   26142.61004052  .00000128  00000+0  37850-4 0  9997
2 52257  98.1479  81.9928 0003582 358.0300   2.0885 14.57659022218213
BRO-6                   
1 52422U 22047AE  26142.56698023  .00029492  00000+0  54745-3 0  9997
2 52422  97.3396 233.1648 0005633 156.1085 204.0429 15.48881163227180
JILIN-1 GAOFEN 3D27     
1 52444U 22048B   26142.57226699  .00081557  00000+0  68625-3 0  9991
2 52444  97.5682 254.3118 0005061 143.6594 216.5012 15.69595489225452
JILIN-1 GAOFEN 3D28     
1 52445U 22048C   26142.61395524  .00090605  00000+0  69413-3 0  9991
2 52445  97.5627 254.4213 0004061 164.0043 196.1349 15.71831030225504
VIGORIDE-3              
1 52760U 22057AE  26142.40015096  .00004216  00000+0  16208-3 0  9998
2 52760  97.6574 281.7027 0007848 205.8951 154.1895 15.26968651221225
ION SCV-006             
1 52761U 22057AF  26142.64599918  .00009351  00000+0  20208-3 0  9995
2 52761  97.6077 290.0615 0017246 202.0500 158.0007 15.44589951222177
SHERPA-AC1              
1 52763U 22057AH  26142.13980680  .00005539  00000+0  16117-3 0  9999
2 52763  97.6660 290.2939 0007897 174.9679 185.1645 15.35846267221706
OMNI-L2                 
1 52771U 22057AR  26142.45415817  .00000929  00000+0  12509-3 0  9997
2 52771  97.4726 206.5414 0007972  58.3144 301.8847 14.81290161216587
STEP CUBE LAB-II        
1 52897U 22065D   26142.63010686  .00000621  00000+0  12973-3 0  9994
2 52897  98.2200 286.6158 0009920 103.1531 257.0778 14.63255667207767
RANDEV                  
1 52898U 22065E   26142.36447031  .00000539  00000+0  11294-3 0  9996
2 52898  98.2186 286.6911 0009225 104.2565 255.9662 14.63640175207474
SNUGLITE-II             
1 52899U 22065F   26142.33832827  .00000654  00000+0  13309-3 0  9992
2 52899  98.2171 287.2206 0008790 103.8767 256.3413 14.64291074207210
MIMAN                   
1 52900U 22065G   26142.65404708  .00000375  00000+0  84577-4 0  9999
2 52900  98.2228 285.2704 0008920 104.4778 255.7413 14.61810563206715
STARLINK-4362           
1 53043U 22077A   26142.47978424 -.00002214  00000+0 -14938-3 0  9991
2 53043  97.4575 322.4634 0001821 113.3074 246.8345 15.05656314212013
LARES-2                 
1 53105U 22080A   26141.56112207 -.00000010  00000+0  00000+0 0  9994
2 53105  70.1681 314.4607 0005379 341.0092  19.0243  6.38965145 89965
GREENCUBE (IO-117)      
1 53109U 22080E   26141.88174497 -.00000003  00000+0  00000+0 0  9994
2 53109  70.1429 307.3967 0008873 295.8786  64.0959  6.42583327 90371
STARLINK-4410           
1 53204U 22084R   26142.50820006  .00070826  00000+0  32246-2 0  9997
2 53204  97.6023 203.1695 0001587  75.7216 284.4195 15.20403274211092
COSMOS 2558             
1 53323U 22089A   26141.86407631  .00067754  00000+0  56561-3 0  9990
2 53323  97.2249 244.9647 0002420 159.1143 201.0219 15.69847489213696
TECMS                   
1 53346U 22090A   26142.63892600  .00002670  00000+0  12176-3 0  9997
2 53346  97.3143 211.4704 0001101 276.2572  83.8539 15.21482485210923
DONGPO 02               
1 53452U 22098J   26142.58939602  .00072910  00000+0  61434-3 0  9996
2 53452  97.5491 271.6692 0001799  97.6420 262.5046 15.69604839210776
DONGPO 01               
1 53453U 22098K   26142.61250706  .00063084  00000+0  57018-3 0  9997
2 53453  97.5553 272.2764 0000759 163.2432 196.8854 15.67921351210743
STARLINK-4400           
1 53468U 22099D   26142.59191779 -.00017782  00000+0 -12285-2 0  9997
2 53468  97.4592 262.6512 0001662 150.9833 209.1487 15.05737068207093
STARLINK-4621           
1 53676U 22105AE  26142.39533679  .00000410  00000+0  32462-4 0  9992
2 53676  97.4621  22.4724 0002235  82.3171 277.8310 15.05648702204320
SHERPA-LTC2             
1 53754U 22107BG  26142.54618628  .00006591  00000+0  33386-3 0  9997
2 53754  53.2345 328.8528 0397077 154.3214 207.8080 14.69287094198774
CENTISPACE-1 S3         
1 53757U 22108A   26142.55741016  .00000009  00000+0  39864-4 0  9996
2 53757  53.5310 161.2378 0008212 277.9494  82.0549 14.61224091197789
CENTISPACE-1 S4         
1 53758U 22108B   26142.55358118  .00000047  00000+0  47011-4 0  9999
2 53758  53.5285 158.8923 0007780 263.5929  96.4161 14.61897870197816
BLUEWALKER-3            
1 53807U 22111AL  26142.31808648  .00005198  00000+0  14767-3 0  9993
2 53807  53.2272 155.3865 0007431  92.3138 267.8718 15.37909309206227
YUNHAI-1 03             
1 53877U 22115A   26142.55696174  .00000258  00000+0  11069-3 0  9993
2 53877  98.5534 141.0306 0005860 115.8272 244.3517 14.32698873191846
CENTISPACE-1 S5         
1 54020U 22126A   26142.59877740  .00000521  00000+0  13762-3 0  9995
2 54020  54.9995 315.3529 0013199  23.3059 336.8531 14.62960702193297
CENTISPACE-1 S6         
1 54021U 22126B   26142.57937341  .00000372  00000+0  11031-3 0  9999
2 54021  54.9998 317.1779 0015027  22.2993 337.8651 14.62248393193250
OTB-3-GAZELLE           
1 54023U 22127A   26142.39796151  .00000095  00000+0  41760-4 0  9999
2 54023  98.3940 134.4965 0011819 266.3907  93.5931 14.42663788190643
ASO-S                   
1 54029U 22129A   26142.61985591  .00000140  00000+0  45525-4 0  9994
2 54029  98.2751 148.0667 0014591 166.1998 193.9599 14.52047071191711
HJ-2E                   
1 54035U 22132A   26142.58041059  .00005760  00000+0  25451-3 0  9991
2 54035  97.3807 147.4273 0022660  98.8618 261.5185 15.21874349200528
COSMOS 2561             
1 54109U 22137A   26141.84475932  .00009542  00000+0  16568-3 0  9998
2 54109  96.9202 201.8405 0011831 118.9216 241.3226 15.50958903202268
GONETS-M 23             
1 54150U 22139A   26142.58424873  .00000034  00000+0  17560-3 0  9996
2 54150  82.5087   4.2077 0020557 278.5690  81.3061 12.42889731162466
GONETS-M 24             
1 54151U 22139B   26142.63786348  .00000027  00000+0  12240-3 0  9993
2 54151  82.5003   3.2518 0015870 289.8085  70.1284 12.42890292162477
GONETS-M 25             
1 54152U 22139C   26142.62421938  .00000017  00000+0  49690-4 0  9993
2 54152  82.5069   3.9328 0019771 287.8320  72.0603 12.42889308162472
SKIF-D                  
1 54153U 22139D   26141.27580434  .00000027  00000+0  00000+0 0  9999
2 54153  89.9547  96.6756 0007376 210.6896 149.3035  5.00436582 62765
MATS                    
1 54227U 22147A   26142.45604018  .00002042  00000+0  14751-3 0  9997
2 54227  97.6832 144.1690 0010481 290.6968  69.3134 15.05174260193893
JILIN-1 GAOFEN 03D54    
1 54254U 22155D   26142.61908265  .00155542  00000+0  64448-3 0  9997
2 54254  97.6102 292.5991 0000988 176.3718 183.7559 15.85401874196234
EOS-6 (OCEANSAT-3)      
1 54361U 22158A   26142.57749559  .00000243  00000+0  78692-4 0  9997
2 54361  98.3521 241.1135 0002173  79.4106 280.7331 14.46982789184135
DONGPO 09               
1 54685U 22167D   26142.61258574  .00009186  00000+0  26706-3 0  9996
2 54685  97.6889 312.4934 0002291 179.5766 180.5479 15.35694400191527
DONGPO 08               
1 54686U 22167E   26142.61403953  .00007975  00000+0  25205-3 0  9997
2 54686  97.6851 309.7930 0006868 253.5358 106.5129 15.33074650191400
2022-167F               
1 54687U 22167F   26142.55564054  .00189820  00000+0  87466-3 0  9998
2 54687  97.6167 327.4952 0002541 163.2493 196.8860 15.83062795192769
DONGPO 10               
1 54689U 22167H   26142.63401188  .00008171  00000+0  25196-3 0  9998
2 54689  97.6934 311.7050 0004918 188.4978 171.6182 15.33863000191440
JILIN-1 GAOFEN 03D48    
1 54695U 22167P   26142.64425116  .00008426  00000+0  25371-3 0  9991
2 54695  97.6868 311.0855 0006237 196.1048 163.9997 15.34602487191471
STAR VIBE               
1 55009U 23001A   26142.60629244  .00011231  00000+0  26681-3 0  9996
2 55009  97.3179 206.9798 0005641 188.6828 171.4323 15.41827693188289
BRO-8                   
1 55011U 23001C   26142.64734344  .00025155  00000+0  49309-3 0  9993
2 55011  97.3224 207.4937 0005970 196.2670 163.8390 15.47338249188255
CONNECTA T1.2           
1 55012U 23001D   26142.47182596  .00030808  00000+0  57600-3 0  9995
2 55012  97.3284 212.7420 0006719 175.2687 184.8629 15.48659227188560
BIRKELAND               
1 55015U 23001G   26142.60753601  .00006884  00000+0  17702-3 0  9990
2 55015  97.3351 210.5202 0006813 182.1539 177.9679 15.39568638188417
ION SCV-008             
1 55051U 23001AU  26142.50840155  .00004988  00000+0  18358-3 0  9991
2 55051  97.5694 238.4062 0016511 103.1529 257.1554 15.28215055187412
ION SCV-007             
1 55060U 23001BD  26142.46393673  .00000293  00000+0  48119-4 0  9998
2 55060  97.9019 205.9876 0013599  62.6149 297.6443 14.77526102182455
HUYGENS                 
1 55093U 23001CN  26142.60762265  .00007078  00000+0  18179-3 0  9997
2 55093  97.3257 209.7831 0010212 165.6534 194.5004 15.39567635188430
SHARJAHSAT-1            
1 55104U 23001CZ  26142.65289646  .00015009  00000+0  28846-3 0  9997
2 55104  97.3178 211.0835 0006135 178.0461 182.0815 15.48015176188543
HORUS 1                 
1 55690U 23025A   26142.60205913  .00004226  00000+0  18112-3 0  9997
2 55690  97.3463 217.7333 0001190 137.6441 222.4888 15.23289320180156
HORUS 2                 
1 55844U 23032A   26142.63744905  .00004470  00000+0  19037-3 0  9996
2 55844  97.3534 218.5492 0003225 127.6045 232.5485 15.23472394177595
GLOBAL-19               
1 55982U 23041B   26141.99927280  .00010965  00000+0  28894-3 0  9993
2 55982  42.0028 354.6729 0005731 172.0930 188.0001 15.38456414177892
BRO-9                   
1 56185U 23054H   26142.19699277  .00204162  00000+0  87310-3 0  9990
2 56185  97.2972  58.7062 0007765 117.6395 242.5664 15.84580857174954
ION SCV-010             
1 56192U 23054Q   26142.52218087  .00003506  00000+0  13924-3 0  9990
2 56192  97.3808  32.3506 0011264 299.9654  60.0466 15.25940495172283
TELEOS-2                
1 56310U 23057C   26142.09542770  .00003101  00000+0  20735-3 0  9995
2 56310   9.9893  34.1526 0000886 261.3340  98.6773 14.96374789168886
SNIPE 4                 
1 56744U 23072B   26142.57801850  .00017197  00000+0  41537-3 0  9996
2 56744  97.5278 347.7896 0006826  67.7449 292.4520 15.41224434166163
SNIPE 2                 
1 56745U 23072C   26142.62823832  .00021619  00000+0  45305-3 0  9998
2 56745  97.5274 350.7135 0006325  92.2592 267.9381 15.45418214166297
2023-072G               
1 56749U 23072G   26142.62401845  .00023278  00000+0  43135-3 0  9990
2 56749  97.4931 349.4865 0005418  83.9591 276.2277 15.48981692166502
GEISAT PRECURSOR        
1 56934U 23084C   26142.65602582  .00005781  00000+0  17677-3 0  9994
2 56934  97.6192 282.7818 0007109  82.1020 278.1029 15.34252061163614
BLACKJACK ACES-3        
1 56950U 23084U   26142.33692325  .00003543  00000+0  17623-3 0  9996
2 56950  97.6179 277.3406 0004096  96.6941 263.4759 15.18290416163248
BLACKJACK ACES-2        
1 56955U 23084Z   26142.21168280  .00004872  00000+0  24141-3 0  9995
2 56955  97.6176 277.2992 0002210  89.8959 270.2528 15.18236565163232
BLACKJACK ACES-1        
1 56956U 23084AA  26142.13374634  .00005195  00000+0  25728-3 0  9990
2 56956  97.6167 276.9977 0001490  94.5043 265.6361 15.18219667112947
ION SCV-011             
1 56957U 23084AB  26142.47296898  .00003998  00000+0  14696-3 0  9994
2 56957  98.1387 327.3757 0008435 122.4355 237.7699 15.28558344161888
GHOST-3                 
1 56958U 23084AC  26142.36194334  .00013440  00000+0  26837-3 0  9998
2 56958  97.6189 289.5723 0006576  38.3471 321.8244 15.46940422164025
TOMORROW-R2             
1 56962U 23084AG  26142.44056768  .00161116  11772-4  51131-3 0  9992
2 56962  97.5959 303.2769 0003320 262.9901  97.0995 15.91221826164941
AFR-1                   
1 56964U 23084AJ  26142.63426918  .00003655  00000+0  13520-3 0  9993
2 56964  97.6240 278.7206 0011904  72.6480 287.6060 15.28304052163328
METEOR-M2 3             
1 57166U 23091A   26142.59323723 -.00000009  00000+0  15008-4 0  9996
2 57166  98.6096 198.0929 0002954 234.2633 125.8272 14.24044318150875
UMKA 1 (RS40S)          
1 57172U 23091G   26142.62808576  .00004592  00000+0  21308-3 0  9990
2 57172  97.5062 201.4278 0012352 201.5886 158.4830 15.20480530160127
2023-091H               
1 57173U 23091H   26142.58304743  .00008983  00000+0  33109-3 0  9993
2 57173  97.5058 205.5780 0009783 194.4557 165.6404 15.28002602160399
2023-091J               
1 57174U 23091J   26142.60785084  .00002443  00000+0  13907-3 0  9997
2 57174  97.5070 196.0703 0012041 231.4099 128.6055 15.13727471159769
CUBEBEL 2 (EU11S)       
1 57175U 23091K   26142.59207230  .00009727  00000+0  35327-3 0  9990
2 57175  97.5061 205.5919 0009814 196.0951 163.9978 15.28465381160394
SITRO-AIS 5 (KATYS)     
1 57176U 23091L   26142.61431801  .00009175  00000+0  32999-3 0  9996
2 57176  97.5070 206.2815 0011648 184.7694 175.3437 15.28782029160437
ZORKIY-2M 1             
1 57177U 23091M   26142.61553529  .00004877  00000+0  22579-3 0  9996
2 57177  97.5102 201.6672 0013004 198.8259 161.2497 15.20520058160114
CUBESX-HSE 3 (RS42S)    
1 57178U 23091N   26142.61617091  .00010576  00000+0  36076-3 0  9992
2 57178  97.5099 207.8928 0011346 175.0308 185.1047 15.30475461160519
MONITOR-3 (RS58S)       
1 57180U 23091Q   26142.58543170  .00008622  00000+0  32501-3 0  9995
2 57180  97.5092 205.8530 0011976 182.2783 177.8403 15.27250789160387
MONITOR-4 (RS57S)       
1 57182U 23091S   26142.63157994  .00008259  00000+0  31054-3 0  9996
2 57182  97.5086 205.8692 0011960 182.4245 177.6938 15.27350280160398
MONITOR-2 (RS39S)       
1 57184U 23091U   26142.61778895  .00003432  00000+0  16888-3 0  9991
2 57184  97.5085 201.0690 0010949 193.4924 166.6019 15.18636262160077
SVYATOBOR 1 (RS60S)     
1 57187U 23091X   26142.62330688  .00006609  00000+0  25869-3 0  9997
2 57187  97.5098 206.3069 0009901 173.1420 186.9956 15.26113790160412
HORS 1                  
1 57188U 23091Y   26142.61054181  .00007070  00000+0  27573-3 0  9995
2 57188  97.5077 206.0597 0009374 172.4067 187.7315 15.26213220160413
VIZARD-METEO (RS38S)    
1 57189U 23091Z   26142.60328045  .00013704  00000+0  40404-3 0  9997
2 57189  97.5098 211.5921 0008467 153.8856 206.2816 15.35100474160767
SITRO-AIS 6 (CHIRKIN)   
1 57192U 23091AC  26142.60080410  .00007906  00000+0  31556-3 0  9997
2 57192  97.5078 205.5203 0011783 188.1183 171.9866 15.25376813160386
SITRO-AIS 8 (ANOKHIN)   
1 57193U 23091AD  26142.60976737  .00011431  00000+0  37938-3 0  9992
2 57193  97.5065 207.7640 0010951 180.4110 179.7124 15.31343822160534
SITRO-AIS 7 (FARTUSHNIY)
1 57194U 23091AE  26142.59882078  .00007773  00000+0  31312-3 0  9999
2 57194  97.5075 205.3564 0011598 189.1916 170.9111 15.25077613160379
AVION KALUGA 650        
1 57195U 23091AF  26142.62295923  .00004064  00000+0  19149-3 0  9995
2 57195  97.5101 202.3067 0010202 190.6989 169.4030 15.20039238160147
HORS 2                  
1 57196U 23091AG  26142.61777820  .00010345  00000+0  34592-3 0  9994
2 57196  97.5096 209.3116 0008971 164.5854 195.5662 15.31149830160619
A-SEANSAT-PG1           
1 57197U 23091AH  26142.61191096  .00014388  00000+0  41277-3 0  9999
2 57197  97.5086 211.6656 0008299 160.6289 199.5272 15.35950427160781
SITRO-AIS 10 (BURDAEV)  
1 57199U 23091AK  26142.61635844  .00015889  00000+0  43327-3 0  9990
2 57199  97.5087 212.5672 0007842 154.9686 205.1940 15.37514936160837
SITRO-AIS 9 (SHCHUKIN)  
1 57201U 23091AM  26142.56981051  .00015670  00000+0  43368-3 0  9995
2 57201  97.5084 212.2693 0008035 155.7001 204.4624 15.37055660160816
UTMN 2 (RS27S)          
1 57203U 23091AP  26142.58257769  .00010257  00000+0  34106-3 0  9997
2 57203  97.5094 209.4610 0008969 160.6628 199.4955 15.31334942160628
SITRO-AIS 12 (SMIRENNIY)
1 57204U 23091AQ  26142.63031535  .00015277  00000+0  41902-3 0  9994
2 57204  97.5097 212.7822 0007797 150.1882 209.9808 15.37343006160843
SITRO-AIS 11 (SHEFFER)  
1 57208U 23091AU  26142.58551868  .00016058  00000+0  43467-3 0  9994
2 57208  97.5096 212.9672 0007715 150.3364 209.8319 15.37741699160855
H2SAT (HEINRICH HERTZ)  
1 57213U 23093A   26141.94779241 -.00000006  00000+0  00000+0 0  9997
2 57213   0.0100 252.2229 0000784 204.2649 124.9861  1.00270274 10657
KUZGTU 1 (RS47S)        
1 57217U 23091AV  26142.58517937  .00009663  00000+0  34313-3 0  9997
2 57217  97.5072 206.8155 0011399 178.7152 181.4119 15.29188809160468
QIANKUN-1               
1 57422U 23103B   26141.40671115  .00016760  17838-5  20804-4 0  9998
2 57422  96.1660 188.1005 0023714 124.6908 235.6616 16.07631940162993
FENGYUN 3F              
1 57490U 23111A   26142.60667116  .00000027  00000+0  33073-4 0  9999
2 57490  98.6841 213.0906 0001406 110.8829 249.2498 14.19934036145237
METEOR 2-1 DEB          
1 57492U 75064F   26142.39560172  .00004282  00000+0  16788-2 0  9994
2 57492  81.2757  25.0673 0007909 122.2111 237.9838 14.29260873399303
HJ-2F                   
1 57519U 23116A   26142.61390435  .00005801  00000+0  25746-3 0  9996
2 57519  97.3852 148.2865 0010361 125.0015 235.2196 15.21905711154866
XRISM                   
1 57800U 23137A   26142.51661298  .00002581  00000+0  14029-3 0  9993
2 57800  31.0008 165.8546 0007546  65.0878 295.0544 15.12209672148978
METEOR-M2 4             
1 59051U 24039A   26142.64924979  .00000003  00000+0  21200-4 0  9994
2 59051  98.6998 102.2707 0006001 239.8262 120.2322 14.22426549115636
GRBBETA                 
1 60237U 24128C   26142.46733610  .00003442  00000+0  24209-3 0  9992
2 60237  61.9902 306.4896 0044214 129.4130 231.0890 15.06399137102390
TRANSPORTER-11 OBJECT A 
1 60468U 24149A   26142.49552592  .00006396  00000+0  20673-3 0  9994
2 60468  97.3728 222.5143 0002034 338.8365  21.2793 15.32433883 98120
WARATAH SEED-1          
1 60469U 24149B   26141.84998650  .00009844  00000+0  29035-3 0  9994
2 60469  97.3685 222.4146 0000995  25.2089 334.9203 15.35202597 98072
PHISAT 2                
1 60470U 24149C   26142.55484972  .00005172  00000+0  17723-3 0  9993
2 60470  97.3754 221.9217 0001475  41.3237 318.8116 15.30636733 98074
LEMUR-2-TOMATOKECHUP    
1 60471U 24149D   26142.50047001  .00008918  00000+0  26140-3 0  9991
2 60471  97.3794 224.4938 0001152  37.5136 322.6188 15.35430224 98225
CONNECTA IOT-1          
1 60472U 24149E   26142.47931481  .00003080  00000+0  13272-3 0  9999
2 60472  97.3757 219.2087 0002647  48.9759 311.1706 15.23312975 97888
LOPEN                   
1 60473U 24149F   26141.86715156  .00011033  00000+0  28931-3 0  9996
2 60473  97.3773 225.0459 0001536  56.2178 303.9213 15.38837473 98219
ROCK                    
1 60474U 24149G   26142.17882878  .00011863  00000+0  31077-3 0  9994
2 60474  97.3768 225.3770 0001464  43.5367 316.5994 15.38848999 98268
CONNECTA IOT-3          
1 60475U 24149H   26142.17244929  .00003033  00000+0  13074-3 0  9991
2 60475  97.3736 218.6680 0003196  29.5462 330.5955 15.23321814 97845
QUBE                    
1 60476U 24149J   26142.61630358  .00019059  00000+0  39370-3 0  9998
2 60476  97.3769 228.5826 0000855   8.9026 351.2238 15.45883740 98514
WREN-1                  
1 60478U 24149L   26142.22532782  .00015715  00000+0  39007-3 0  9991
2 60478  97.3761 226.0875 0003713  16.4784 343.6582 15.40427585 98328
TOMORROW-S1             
1 60479U 24149M   26142.47578121  .00005525  00000+0  17963-3 0  9991
2 60479  97.3745 223.0370 0002243  20.1468 339.9862 15.32309484 98154
FLOCK 4BE-18            
1 60480U 24149N   26142.17846884  .00011766  00000+0  28799-3 0  9997
2 60480  97.3722 225.6541 0002907  15.6828 344.4508 15.40925468 98305
FLOCK 4BE-7             
1 60481U 24149P   26142.48299840  .00015718  00000+0  40699-3 0  9990
2 60481  97.3754 225.3558 0002361  26.7447 333.3920 15.39139822 98292
FLOCK 4BE-26            
1 60484U 24149S   26142.21218075  .00083356  00000+0  95491-3 0  9998
2 60484  97.3663 227.0626 0002952 234.8081 125.2901 15.61839307 98401
TOMORROW-S2             
1 60485U 24149T   26142.24549258  .00005608  00000+0  18222-3 0  9993
2 60485  97.3814 223.2720 0003178  38.5397 321.6071 15.32322116 98114
FLOCK 4BE-36            
1 60486U 24149U   26142.22969555  .00012834  00000+0  30477-3 0  9993
2 60486  97.3736 226.3647 0003311  29.3023 330.8409 15.41818033 98354
FLOCK 4BE-25            
1 60487U 24149V   26142.46132978  .00010318  00000+0  27745-3 0  9990
2 60487  97.3793 225.4518 0001938  41.2903 318.8488 15.38079456 98287
FLOCK 4BE-31            
1 60488U 24149W   26142.47648833  .00015383  00000+0  35089-3 0  9991
2 60488  97.3792 227.4030 0002424  42.3557 317.7877 15.42988176 98414
FLOCK 4BE-20            
1 60489U 24149X   26142.47683964  .00011234  00000+0  30947-3 0  9995
2 60489  97.3694 224.4121 0003319  26.3965 333.7448 15.37303218 98260
FLOCK 4BE-23            
1 60490U 24149Y   26142.20048720  .00011007  00000+0  30683-3 0  9998
2 60490  97.3775 224.4963 0003358  36.8803 323.2672 15.36940601 98205
FLOCK 4BE-15            
1 60491U 24149Z   26141.80218263  .00092189  00000+0  14271-2 0  9999
2 60491  97.3690 226.3054 0002430 130.2275 229.9192 15.53730010 98328
FLOCK 4BE-17            
1 60492U 24149AA  26142.47939778  .00012184  00000+0  31813-3 0  9994
2 60492  97.3767 225.6620 0002527  27.3374 332.8004 15.38941598 98300
NUSAT-50 (NANCY ROMAN)  
1 60493U 24149AB  26142.45904403  .00006813  00000+0  24199-3 0  9991
2 60493  97.3785 223.9040 0001721 297.2310  62.8754 15.29347866 98198
FLOCK 4BE-22            
1 60494U 24149AC  26142.48368551  .00012998  00000+0  32449-3 0  9991
2 60494  97.3727 225.8184 0003280  29.8341 330.3091 15.40300289 98345
FLOCK 4BE-34            
1 60495U 24149AD  26142.17620485  .00011839  00000+0  29557-3 0  9994
2 60495  97.3774 226.3138 0003681  42.8316 317.3217 15.40320203 98326
TYCHE                   
1 60496U 24149AE  26142.56031397  .00003261  00000+0  13030-3 0  9995
2 60496  97.3752 220.7200 0002900  44.4352 315.7119 15.25835961 97992
FLOCK 4BE-32            
1 60497U 24149AF  26142.22537362  .00014286  00000+0  34632-3 0  9992
2 60497  97.3715 225.8913 0003483  36.7156 323.4328 15.41167923 98333
NUSAT-48 (HENRIETTA LE*)
1 60498U 24149AG  26141.47315902  .00006523  00000+0  22755-3 0  9991
2 60498  97.3903 223.1083 0004201  32.6851 327.4649 15.29951422 98058
FLOCK 4BE-30            
1 60499U 24149AH  26142.22968830  .00076704  00000+0  13579-2 0  9991
2 60499  97.3780 227.0055 0001822 169.8267 190.3022 15.50025854 97746
NUSAT-49 (KLARA DAN VO*)
1 60500U 24149AJ  26142.49828391  .00007321  00000+0  25460-3 0  9992
2 60500  97.3774 223.9613 0003190  64.2583 295.8987 15.30010961 98200
FLOCK 4BE-11            
1 60501U 24149AK  26142.49360814  .00013332  00000+0  31431-3 0  9998
2 60501  97.3692 226.3667 0003529  33.5051 326.6419 15.42026557 98395
YAM-7                   
1 60504U 24149AN  26142.12031261  .00005452  00000+0  18226-3 0  9993
2 60504  97.3780 222.4836 0004265  49.8378 310.3237 15.31409430 98066
FLOCK 4BE-24            
1 60505U 24149AP  26142.48068203  .00014532  00000+0  34274-3 0  9999
2 60505  97.3709 226.6028 0003721  42.3044 317.8490 15.41993427 98407
LUR-1                   
1 60506U 24149AQ  26142.47412905  .00005306  00000+0  18687-3 0  9990
2 60506  97.3736 221.4958 0005090  53.6418 306.5292 15.29721830 98042
TANAGER-1               
1 60507U 24149AR  26142.50887409  .00008780  00000+0  19014-3 0  9994
2 60507  97.3074 236.7022 0005299  44.8126 315.3550 15.44670482 99070
EAGLEEYE                
1 60508U 24149AS  26142.20503439  .00056055  00000+0  54322-3 0  9999
2 60508  97.3726 234.2038 0001205 347.2900  12.8329 15.66214060 98867
FLOCK 4BE-29            
1 60509U 24149AT  26142.18616722  .00013137  00000+0  29802-3 0  9996
2 60509  97.3805 227.6867 0003305  59.8523 300.3052 15.43188301 98403
TRANSPORTER-11 OBJECT AU
1 60510U 24149AU  26142.19407946  .00011217  00000+0  28862-3 0  9997
2 60510  97.3725 225.7230 0004095  45.6374 314.5207 15.39408089 98315
FLOCK 4BE-2             
1 60511U 24149AV  26142.57940282  .00045907  00000+0  82340-3 0  9999
2 60511  97.3819 229.2024 0002622  48.5001 311.6475 15.49785213 98530
FLOCK 4BE-13            
1 60512U 24149AW  26142.12548819  .00010901  00000+0  26543-3 0  9990
2 60512  97.3715 226.2818 0003924  25.7091 334.4350 15.41101820 98359
FLOCK 4BE-27            
1 60513U 24149AX  26142.49676163  .00007428  00000+0  22857-3 0  9999
2 60513  97.3820 224.3452 0004717  53.7741 306.3937 15.33940718 98205
FLOCK 4BE-9             
1 60514U 24149AY  26142.49536105  .00012666  00000+0  32006-3 0  9998
2 60514  97.3785 226.5345 0003382  60.1602 299.9980 15.39933992 98360
FLOCK 4BE-6             
1 60516U 24149BA  26142.50443634  .00012429  00000+0  32598-3 0  9999
2 60516  97.3782 225.9488 0004030  53.9603 306.2015 15.38793614 98323
FLOCK 4BE-14            
1 60517U 24149BB  26142.18597484  .00012409  00000+0  31193-3 0  9995
2 60517  97.3692 225.7439 0004817  49.4730 310.6935 15.40093087 98322
FLOCK 4BE-1             
1 60518U 24149BC  26142.22846396  .00012846  00000+0  30697-3 0  9993
2 60518  97.3774 226.9723 0004352  49.1288 311.0336 15.41624764 98370
FLOCK 4BE-28            
1 60519U 24149BD  26142.47554542  .00014272  00000+0  31580-3 0  9997
2 60519  97.3740 227.8678 0004389  42.8416 317.3174 15.43907055 98475
IPERDRONE.0             
1 60520U 24149BE  26142.21446256  .00051572  00000+0  57190-3 0  9992
2 60520  97.3777 234.2226 0001029 337.0683  23.0529 15.62805940 98859
TRANSPORTER-11 OBJECT BF
1 60521U 24149BF  26142.53195124  .00133731  00000+0  90529-3 0  9994
2 60521  97.3769 236.6972 0001849 266.8307  93.2746 15.74623282 99038
CONNECTA IOT-2          
1 60522U 24149BG  26142.43935285  .00003360  00000+0  14273-3 0  9990
2 60522  97.3838 220.9799 0007859  64.0007 296.2038 15.23722395 97970
PTD-R (TYVAK-0127)      
1 60523U 24149BH  26142.52313555  .00187711  14985-4  60775-3 0  9994
2 60523  97.3789 240.9542 0002639 247.9712 112.1281 15.90818616 99334
CONNECTA IOT-4          
1 60524U 24149BJ  26142.17890522  .00015106  00000+0  36707-3 0  9994
2 60524  97.3794 226.2621 0005415  39.0786 321.0851 15.41076474 98328
ORESAT0.5               
1 60525U 24149BK  26142.20383904  .00014892  00000+0  32834-3 0  9998
2 60525  97.3717 227.8278 0005309  28.4811 331.6727 15.43999141 98463
DEIMOS                  
1 60526U 24149BL  26142.48148968  .00014349  00000+0  32502-3 0  9997
2 60526  97.3775 228.2617 0005531  34.0824 326.0778 15.43201354 98482
CUAVA-2                 
1 60527U 24149BM  26142.47722773  .00009241  00000+0  27041-3 0  9996
2 60527  97.3721 223.9657 0007158  37.9426 322.2321 15.35449725 98228
ERNST                   
1 60528U 24149BN  26142.22430693  .00011588  00000+0  30746-3 0  9990
2 60528  97.3803 225.7645 0006528  42.8646 317.3107 15.38442721 98281
TORO                    
1 60530U 24149BQ  26142.62862893  .00001790  00000+0  16335-3 0  9990
2 60530  97.6794 217.7747 0001979  91.5226 268.6223 14.96317204 96139
HYPSO-2                 
1 60531U 24149BR  26142.49628185  .00002548  00000+0  21710-3 0  9995
2 60531  97.6834 219.1313 0002962  91.6658 268.4904 14.98650879 96205
LEMU NGE                
1 60532U 24149BS  26142.48180344  .00001728  00000+0  16394-3 0  9996
2 60532  97.6846 217.9624 0002707 101.5825 258.5699 14.94827841 96116
LEMUR-2-STELLA          
1 60533U 24149BT  26142.26327740  .00008071  00000+0  48486-3 0  9991
2 60533  97.6727 224.6185 0002087 115.5612 244.5833 15.11157401 96586
SATELIOT_2              
1 60534U 24149BU  26142.14658112  .00001521  00000+0  13981-3 0  9994
2 60534  97.6830 217.5787 0001726 114.7563 245.3838 14.96247494 96078
NIGHTJAR                
1 60535U 24149BV  26142.62494538  .00002599  00000+0  22017-3 0  9994
2 60535  97.6848 219.6870 0002442 121.7274 238.4187 14.98846610139049
LEMUR-2-MARHISYAM       
1 60536U 24149BW  26142.49937532  .00009004  00000+0  54805-3 0  9994
2 60536  97.6877 225.2773 0002324 166.5803 193.5488 15.10645548 96602
SATELIOT_4              
1 60537U 24149BX  26142.16278048  .00001767  00000+0  16032-3 0  9997
2 60537  97.6745 217.1400 0003708 109.4395 250.7228 14.96563944 96085
PICO-02A021             
1 60538U 24149BY  26141.73799113  .00003028  00000+0  22968-3 0  9998
2 60538  97.6754 220.8061 0007388 104.0561 256.1486 15.02966870 95767
ICEYE-X43               
1 60539U 24149BZ  26142.47465679  .00002358  00000+0  19545-3 0  9990
2 60539  97.6759 219.7951 0005672 165.2780 194.8610 14.99784648 96263
HAWK-10A                
1 60540U 24149CA  26142.15893309  .00001604  00000+0  14651-3 0  9998
2 60540  97.6898 218.5182 0004481 139.4519 220.7037 14.96419904 96092
UMBRA-09                
1 60541U 24149CB  26142.22095996  .00013588  00000+0  68771-3 0  9999
2 60541  97.6954 229.0010 0001224 104.9741 255.1627 15.17138835 96787
QPS-SAR-8 (AMATERU-IV)  
1 60542U 24149CC  26142.24641029  .00004152  00000+0  30636-3 0  9992
2 60542  97.6645 221.6194 0003386 180.4672 179.6551 15.03820511 96374
ARCTIC WEATHER SATELLITE
1 60543U 24149CD  26142.42964696  .00000550  00000+0  62930-4 0  9992
2 60543  97.6806 213.6301 0002445 156.3894 203.7436 14.89806235 95468
CAPELLA-15 (ACADIA-5)   
1 60544U 24149CE  26142.57668269  .00000570  00000+0  60880-4 0  9990
2 60544  97.6777 216.1174 0005144 148.9754 211.1770 14.92515273 96034
HAWK-10B                
1 60545U 24149CF  26142.49312286  .00001593  00000+0  14554-3 0  9999
2 60545  97.6819 218.2278 0005819 161.4902 198.6532 14.96422067 96143
ICEYE-X39               
1 60546U 24149CG  26142.45773580  .00001657  00000+0  13905-3 0  9994
2 60546  97.6791 219.8332 0002972 171.3633 188.7642 14.99718459 96260
UMBRA-10                
1 60547U 24149CH  26142.22051710  .00011389  00000+0  57711-3 0  9990
2 60547  97.6966 229.0262 0002187  98.2807 261.8674 15.17141314 96795
ICEYE-X33               
1 60548U 24149CJ  26142.16854853  .00004631  00000+0  36838-3 0  9992
2 60548  97.7194 221.4649 0000082 142.9178 217.2052 15.00907488 96301
ICEYE-X40               
1 60549U 24149CK  26142.45021825  .00000819  00000+0  74511-4 0  9995
2 60549  97.6820 219.3615 0005230 146.5469 213.6084 14.97853971 96227
SATELIOT_1              
1 60550U 24149CL  26142.44337889  .00001256  00000+0  11136-3 0  9995
2 60550  97.6761 218.7717 0007273 147.3485 212.8188 14.97954996 96219
BRO-14                  
1 60551U 24149CM  26142.44656256  .00000273  00000+0  29305-4 0  9994
2 60551  97.6880 218.6869 0006780 170.5142 189.6208 14.96122799 96142
SATELIOT_3              
1 60552U 24149CN  26142.15178891  .00001690  00000+0  14827-3 0  9993
2 60552  97.6819 219.2513 0005929 156.6444 203.5049 14.97928148 96188
BRO-15                  
1 60553U 24149CP  26142.49529726  .00001053  00000+0  98712-4 0  9997
2 60553  97.6809 218.3604 0008551 162.4400 197.7119 14.96079425 96164
UM5-RIBAT               
1 60554U 24149CQ  26142.47317762  .00002098  00000+0  16941-3 0  9994
2 60554  97.6650 220.6205 0003717 102.8567 257.3072 15.00906545 96331
UM5-EOSAT               
1 60555U 24149CR  26142.44686645  .00002464  00000+0  19599-3 0  9990
2 60555  97.6653 221.5021 0007660 190.2089 169.8981 15.01315069 96356
LASARSAT                
1 62391U 24247Q   26142.57470874  .00026115  00000+0  55463-3 0  9997
2 62391  44.9759  45.9516 0006172 187.3243 172.7557 15.44592990 79351
CROCUBE                 
1 62394U 24247T   26142.14966179  .00027987  00000+0  56184-3 0  9990
2 62394  44.9726  46.0653 0005761 187.7135 172.3667 15.46210974 79314
TEVEL2-4                
1 63213U 25052D   26141.70008453  .00012425  00000+0  38506-3 0  9998
2 63213  97.3928  38.0639 0002747 152.6877 207.4511 15.33570226 66051
TEVEL2-5                
1 63214U 25052E   26142.43554964  .00013200  00000+0  41065-3 0  9999
2 63214  97.3926  38.7545 0002764 151.3268 208.8127 15.33432194 66163
TEVEL2-6                
1 63215U 25052F   26141.59890998  .00012324  00000+0  38436-3 0  9990
2 63215  97.3928  37.9026 0002775 153.8216 206.3167 15.33369876 66032
TEVEL2-1                
1 63217U 25052H   26142.46765619  .00014351  00000+0  45372-3 0  9999
2 63217  97.3902  38.4253 0002402 161.9740 198.1588 15.32898850 66159
TEVEL2-3                
1 63218U 25052J   26142.46317511  .00013351  00000+0  42169-3 0  9994
2 63218  97.3903  38.4397 0002371 164.5888 195.5427 15.32946741 66153
TEVEL2-2                
1 63219U 25052K   26142.46809664  .00014470  00000+0  45737-3 0  9997
2 63219  97.3904  38.4276 0002323 164.1246 196.0070 15.32905381 66157
TEVEL2-9                
1 63237U 25052AD  26142.47830503  .00012880  00000+0  43209-3 0  9999
2 63237  97.3963  37.8672 0004649 216.2250 143.8677 15.31009517 66093
TEVEL2-7                
1 63238U 25052AE  26142.44909731  .00011813  00000+0  39993-3 0  9997
2 63238  97.3967  37.7646 0004730 216.8482 143.2434 15.30734626 66081
TEVEL2-8                
1 63239U 25052AF  26140.95351763  .00010564  00000+0  35857-3 0  9995
2 63239  97.3969  36.2522 0004539 224.9979 135.0895 15.30681443 65851
HADES-ICM               
1 63492U 25052BN  26141.26653903  .06532167  24596-5  20834-2 0  9996
2 63492  97.3646  46.2798 0012082 212.8267 147.2275 16.26141053 66568
FORESAIL-1 PRIME        
1 66778U 25276DS  26142.42991802  .00003661  00000+0  18113-3 0  9998
2 66778  97.4204 216.1765 0002695 159.1855 200.9489 15.18429983 26499
